1,0.11538,0.65385,0.23077,23.25000,13.00000,9.16667,1.00000,0
2,0.35659,0.30233,0.34109,23.30769,11.52273,18.36957,0.75000,2
3,0.16923,0.63077,0.20000,27.53659,10.15385,16.27273,0.88890,1
4,0.10687,0.06107,0.83206,19.87500,20.66972,18.64286,0.00000,1
5,0.08571,0.80000,0.11429,21.66071,-0.50000,16.83333,1.00000,0
6,0.25806,0.57527,0.16667,26.20561,8.16129,14.97917,0.93330,2
7,0.14045,0.75843,0.10112,17.75556,11.55556,12.60000,1.00000,1
8,0.34646,0.40157,0.25197,23.29412,13.18750,20.50000,0.50000,1
9,0.15504,0.71318,0.13178,23.90217,15.47059,20.25000,1.00000,1
10,0.28042,0.34392,0.37566,27.78462,15.14085,16.81132,0.75000,2
11,0.11043,0.71166,0.17791,26.26724,14.75862,18.55556,0.91670,1
12,0.26950,0.41135,0.31915,34.51724,17.40000,22.44737,0.86670,1
13,0.18919,0.59459,0.21622,24.21818,9.02500,15.94286,0.85710,2
14,0.34615,0.07692,0.57692,17.75000,16.96667,21.00000,0.00000,2
15,0.33083,0.39850,0.27068,23.22642,9.94444,19.65909,0.75000,1
16,0.36872,0.18994,0.44134,23.17647,18.72152,21.19697,0.50000,2
17,0.44800,0.19200,0.36000,28.04167,8.84444,18.37500,1.00000,1
18,0.51892,0.19459,0.28649,23.13889,16.71698,21.16667,0.44440,2
19,0.35714,0.26190,0.38095,22.51515,13.12500,20.15556,0.50000,1
20,0.27068,0.42857,0.30075,34.71930,16.17500,19.77778,1.00000,2
21,0.50000,0.12500,0.37500,20.00000,15.02083,19.89062,0.00000,2
22,0.28571,0.42857,0.28571,23.83333,9.95000,19.80000,1.00000,1
23,0.35075,0.40299,0.24627,23.22222,15.33333,22.29787,0.83330,0
24,0.06015,0.84962,0.09023,20.16814,9.25000,14.00000,1.00000,0
25,0.03968,0.93651,0.02381,25.20339,9.00000,18.20000,1.00000,1
26,0.37968,0.21925,0.40107,22.75610,12.98667,19.59155,0.66670,1
27,0.14439,0.69519,0.16043,22.48462,8.80000,11.59259,1.00000,1
28,0.15873,0.66667,0.17460,21.35714,4.45455,14.40000,1.00000,0
29,0.36765,0.48529,0.14706,23.84848,6.70000,18.88000,0.80000,2
30,0.43382,0.36765,0.19853,22.54000,11.48148,21.06780,0.16670,2
31,0.15909,0.62121,0.21970,22.85366,6.24138,16.80952,1.00000,2
32,0.12500,0.78646,0.08854,23.94040,14.41176,17.29167,0.94740,1
33,0.43077,0.18462,0.38462,27.08333,17.20000,24.46429,0.33330,2
34,0.45536,0.18750,0.35714,25.80952,12.77500,17.29412,0.75000,1
35,0.40146,0.36496,0.23358,25.86000,14.50000,19.98182,0.70000,2
36,0.07000,0.91000,0.02000,24.92308,3.50000,15.42857,1.00000,0
37,0.44118,0.23529,0.32353,31.37500,9.77273,20.30000,0.60000,2
38,0.26154,0.46154,0.27692,27.16667,12.61111,23.41176,0.77780,1
39,0.27273,0.35606,0.37121,18.27660,8.59184,16.25000,1.00000,1
40,0.52632,0.19298,0.28070,27.09091,9.93750,21.23333,1.00000,2
41,0.40476,0.26984,0.32540,25.47059,11.92683,20.17647,0.55560,2
42,0.38525,0.09836,0.51639,28.91667,16.52381,19.82979,0.40000,2
43,0.14615,0.51538,0.33846,21.58209,14.54545,12.47368,0.80000,0
44,0.48872,0.14286,0.36842,26.15789,11.44898,23.89231,0.40000,2
45,0.42857,0.16327,0.40816,31.37500,27.15000,28.42857,0.20000,2
46,0.40157,0.26772,0.33071,22.58824,16.28571,23.19608,0.42860,1
47,0.32374,0.38849,0.28777,26.92593,13.87500,19.68889,0.85710,1
48,0.45600,0.23200,0.31200,29.75862,9.89744,22.87719,0.66670,1
49,0.44149,0.13830,0.42021,19.00000,14.25316,21.33735,0.37500,2
50,0.45455,0.09917,0.44628,19.58333,19.51852,25.09091,0.25000,2
51,0.32692,0.50000,0.17308,22.86538,7.94444,16.35294,0.71430,1
52,0.25373,0.41791,0.32836,27.46429,18.00000,17.17647,1.00000,1
53,0.17486,0.69399,0.13115,21.07087,5.70833,11.71875,1.00000,2
54,0.07576,0.65152,0.27273,27.33721,14.47222,16.90000,1.00000,2
55,0.18898,0.62205,0.18898,21.39241,9.66667,19.08333,1.00000,2
56,0.15556,0.62963,0.21481,21.45882,5.31034,17.76190,1.00000,1
57,0.34586,0.35338,0.30075,23.59574,9.35000,14.41304,0.83330,2
58,0.36752,0.30769,0.32479,36.33333,15.86842,16.90698,0.80000,2
59,0.08333,0.83333,0.08333,19.77000,0.10000,11.60000,1.00000,0
60,0.40000,0.40667,0.19333,27.57377,15.75862,23.51667,0.70000,0
61,0.31414,0.35079,0.33508,30.70149,12.95312,16.91667,0.78570,0
62,0.37302,0.03175,0.59524,27.25000,16.36000,20.95745,0.00000,2
63,0.16393,0.71311,0.12295,20.73563,9.46667,22.05000,1.00000,0
64,0.55769,0.10256,0.33974,17.50000,8.94340,18.67816,0.00000,2
65,0.15493,0.28169,0.56338,19.15000,12.65000,18.27273,1.00000,0
66,0.31061,0.06061,0.62879,20.75000,19.10843,20.92683,0.00000,1
67,0.14844,0.57812,0.27344,22.12162,13.02857,16.42105,1.00000,1
68,0.14286,0.59184,0.26531,32.75862,21.53846,23.00000,0.80000,1
69,0.35115,0.26718,0.38168,27.80000,16.48000,19.02174,0.66670,2
70,0.34831,0.23596,0.41573,29.59524,15.63514,18.95161,1.00000,1
71,0.24806,0.29457,0.45736,22.81579,13.10169,15.93750,1.00000,1
72,0.15152,0.25758,0.59091,28.47059,16.26923,16.65000,0.80000,1
73,0.20290,0.55072,0.24638,26.05263,12.94118,16.78571,1.00000,1
74,0.23846,0.17692,0.58462,32.47826,18.72368,21.03226,0.57140,2
75,0.05426,0.62791,0.31783,24.72840,14.02439,16.14286,1.00000,0
76,0.16031,0.45802,0.38168,27.38333,10.40000,13.04762,0.71430,0
77,0.20000,0.56800,0.23200,29.66197,12.20690,17.20000,0.90910,2
78,0.24590,0.47541,0.27869,31.03448,8.70588,15.60000,1.00000,2
79,0.21229,0.53073,0.25698,25.58947,10.13043,16.05263,1.00000,2
80,0.31538,0.19231,0.49231,28.76000,15.71875,21.02439,0.42860,1
81,0.37234,0.28723,0.34043,26.27778,10.09375,17.90000,1.00000,1
82,0.43651,0.15873,0.40476,23.50000,14.60784,19.09091,0.00000,1
83,0.20661,0.05785,0.73554,8.85714,19.41573,11.92000,0.00000,1
84,0.23438,0.04688,0.71875,17.00000,22.38043,12.90000,0.12500,0
85,0.57672,0.12169,0.30159,24.65217,13.59649,18.69725,0.20000,0
86,0.36598,0.30412,0.32990,25.61017,13.79688,18.33803,0.71430,0
87,0.57895,0.22807,0.19298,23.23077,7.00000,21.66667,1.00000,1
88,0.28571,0.24490,0.46939,30.50000,29.26087,25.14286,0.20000,2
89,0.38342,0.21762,0.39896,26.26190,17.79221,25.35135,0.33330,1
90,0.20000,0.10769,0.69231,41.71429,23.62222,18.30769,0.33330,0
91,0.63846,0.08462,0.27692,22.27273,13.11111,22.32530,0.00000,1
92,0.28125,0.52083,0.19792,22.47000,7.15789,17.31481,1.00000,1
93,0.47244,0.17323,0.35433,31.09091,14.04444,21.45000,0.40000,2
94,0.46296,0.17593,0.36111,23.15789,16.46154,16.48000,0.33330,1
95,0.24227,0.46907,0.28866,26.15385,9.69643,18.63830,0.77780,2
96,0.26772,0.41732,0.31496,25.16981,12.30000,16.82353,0.83330,2
97,0.39153,0.30159,0.30688,23.82456,11.06897,16.82432,0.66670,2
98,0.48438,0.25000,0.26562,26.64583,11.50980,18.62366,0.50000,1
99,0.37864,0.26214,0.35922,23.18519,16.89189,17.92308,1.00000,0
100,0.12000,0.24000,0.64000,31.70000,16.20000,17.33333,0.44440,0
101,0.06452,0.71774,0.21774,29.53933,11.22222,21.75000,1.00000,0
102,0.22652,0.55801,0.21547,28.57426,9.48718,15.63415,0.93750,1
103,0.26866,0.58209,0.14925,25.12821,10.20000,20.83333,0.66670,2
104,0.45926,0.26667,0.27407,23.66667,13.10811,19.16129,0.00000,2
105,0.11111,0.65812,0.23077,21.79221,11.66667,16.53846,0.90000,0
106,0.23980,0.50510,0.25510,29.00000,11.40000,17.72340,0.82350,2
107,0.15323,0.63710,0.20968,21.87342,11.53846,15.63158,1.00000,1
108,0.38346,0.29323,0.32331,24.41026,15.23256,19.03922,0.75000,1
109,0.31746,0.24603,0.43651,25.80645,12.74545,18.27500,0.40000,0
110,0.15152,0.65909,0.18939,23.08046,2.44000,10.95000,1.00000,0
111,0.20896,0.13433,0.65672,17.11111,22.25000,23.14286,0.00000,0
112,0.29600,0.22400,0.48000,25.17857,15.58333,17.97297,0.50000,1
113,0.47761,0.12687,0.39552,28.47059,15.22642,22.64062,0.57140,2
114,0.58268,0.07874,0.33858,28.80000,11.20930,23.77027,0.37500,2
115,0.39344,0.33607,0.27049,22.90244,10.90909,19.00000,1.00000,2
116,0.49606,0.23622,0.26772,26.13333,17.17647,20.68254,0.42860,1
117,0.44335,0.22660,0.33005,31.26087,16.53731,23.54444,0.68750,2
118,0.49724,0.17680,0.32597,19.18750,13.62712,19.74444,0.00000,2
119,0.35714,0.49206,0.15079,22.95161,11.63158,23.48889,0.75000,2
120,0.40164,0.31148,0.28689,30.63158,12.08571,20.40816,0.77780,0
121,0.33835,0.13534,0.52632,25.66667,16.68571,23.35556,0.25000,0
122,0.43662,0.29577,0.26761,25.09524,10.10526,18.96774,1.00000,0
123,0.38710,0.35484,0.25806,17.61364,10.78125,16.64583,0.00000,2
124,0.28125,0.50781,0.21094,22.76923,10.11111,19.41667,1.00000,0
125,0.41463,0.28455,0.30081,29.97143,12.59459,24.25490,0.55560,0
126,0.20000,0.35385,0.44615,26.95652,16.72414,18.23077,1.00000,2
127,0.23770,0.54918,0.21311,27.59701,8.34615,22.06897,0.83330,2
128,0.27132,0.34884,0.37984,24.35556,13.71429,22.05714,0.80000,2
129,0.37209,0.39535,0.23256,19.86275,10.06667,17.27083,1.00000,2
130,0.39844,0.09375,0.50781,19.00000,16.80000,17.64706,0.00000,2
131,0.12030,0.60902,0.27068,24.04938,7.36111,17.31250,1.00000,1
132,0.08163,0.42857,0.48980,35.76190,24.25000,14.50000,0.80000,1
133,0.36719,0.35156,0.28125,22.53333,10.61111,19.14894,0.83330,2
134,0.21538,0.44615,0.33846,28.06897,12.72727,17.71429,1.00000,1
135,0.22689,0.26891,0.50420,29.09375,12.06667,24.51852,0.61540,1
136,0.29231,0.52308,0.18462,32.35294,7.00000,21.52632,1.00000,2
137,0.21600,0.66400,0.12000,21.36145,12.06667,18.48148,1.00000,1
138,0.28829,0.45045,0.26126,28.32000,16.58621,19.15625,0.88890,0
139,0.28000,0.56000,0.16000,25.21429,17.35000,25.68571,0.64710,0
140,0.23529,0.37500,0.38971,18.74510,15.03774,18.31250,0.37500,0
141,0.43158,0.36316,0.20526,26.00000,10.84615,18.58537,0.77780,1
142,0.19512,0.67480,0.13008,25.00000,14.06250,21.12500,0.92310,2
143,0.33333,0.16667,0.50000,15.55556,18.35185,22.63889,0.00000,0
144,0.09630,0.84444,0.05926,21.81579,8.37500,11.53846,1.00000,0
145,0.10569,0.74797,0.14634,23.55435,11.16667,14.53846,1.00000,0
146,0.10309,0.80412,0.09278,20.24359,9.16667,12.20000,1.00000,0
147,0.42537,0.02985,0.54478,12.75000,19.16438,20.66667,0.00000,1
148,0.18519,0.51852,0.29630,30.12857,16.40000,20.72000,0.85710,2
149,0.26667,0.50833,0.22500,27.67213,15.33333,19.93750,0.83330,2
150,0.49189,0.14595,0.36216,22.92593,19.58209,19.61538,0.30000,1
151,0.55725,0.12977,0.31298,27.47059,11.31707,20.60274,0.60000,1
152,0.26786,0.28571,0.44643,25.87500,10.28000,14.26667,0.75000,1
153,0.19167,0.49167,0.31667,28.79661,12.52632,24.30435,0.66670,0
154,0.32727,0.25455,0.41818,34.35714,20.21739,27.83333,0.42860,2
155,0.29570,0.25269,0.45161,28.53191,15.47619,17.43636,0.87500,1
156,0.13889,0.37037,0.49074,19.90000,16.15094,14.00000,0.50000,0
157,0.37222,0.33889,0.28889,23.49180,12.78846,20.40299,0.78570,0
158,0.32203,0.36158,0.31638,26.29688,14.76786,20.01754,0.75000,0
159,0.28272,0.44503,0.27225,23.75294,14.03846,17.88889,0.60000,0
160,0.33858,0.48031,0.18110,21.63934,14.82609,22.62791,0.50000,1
161,0.44275,0.12977,0.42748,17.76471,16.30357,17.29310,0.00000,1
162,0.39552,0.40299,0.20149,26.46296,16.55556,26.47170,0.53330,1
163,0.22059,0.04412,0.73529,36.33333,15.28000,10.20000,0.50000,1
164,0.44615,0.07692,0.47692,7.20000,14.51613,21.32759,0.00000,0
165,0.19084,0.17557,0.63359,24.60870,15.53012,22.84000,0.66670,0
166,0.26190,0.05556,0.68254,21.28571,16.47674,13.87879,0.33330,0
167,0.16304,0.05978,0.77717,36.18182,22.53846,25.53333,0.16670,0
168,0.12613,0.67568,0.19820,23.16000,8.18182,17.00000,1.00000,0
169,0.50758,0.09091,0.40152,27.16667,14.45283,21.64179,0.25000,1
170,0.35484,0.37903,0.26613,29.80851,9.90909,19.00000,0.83330,1
171,0.11538,0.75000,0.13462,20.92308,11.28571,10.50000,1.00000,2
172,0.11024,0.73228,0.15748,19.62366,10.55000,13.35714,1.00000,2
173,0.11628,0.58140,0.30233,25.05333,13.46154,14.73333,0.50000,2
174,0.35455,0.18182,0.46364,22.45000,11.00000,16.20513,0.33330,2
175,0.28777,0.13669,0.57554,22.05263,19.16250,16.47500,0.40000,1
176,0.47059,0.04412,0.48529,19.66667,17.75758,21.28125,0.00000,1
177,0.25263,0.52105,0.22632,29.61616,17.86047,20.72917,0.81250,0
178,0.48958,0.20833,0.30208,28.87500,8.82759,15.65957,0.75000,2
179,0.54135,0.15038,0.30827,25.55000,10.00000,20.01389,1.00000,1
180,0.56897,0.01724,0.41379,18.00000,11.08333,17.87879,0.00000,2
181,0.46512,0.18605,0.34884,25.25000,14.42222,20.53333,0.44440,0
182,0.59701,0.14925,0.25373,24.70000,10.44118,21.13750,0.00000,2
183,0.53846,0.16923,0.29231,26.00000,15.47368,21.77143,0.33330,0
184,0.39706,0.14706,0.45588,17.80000,15.61290,13.48148,0.00000,1
185,0.39200,0.10400,0.50400,27.84615,21.50794,22.91837,0.25000,2
186,0.36923,0.09231,0.53846,22.33333,18.82857,26.95833,0.11110,2
187,0.23140,0.02479,0.74380,23.00000,16.47778,19.35714,0.00000,0
188,0.44693,0.18994,0.36313,26.29412,14.35385,20.92500,0.58330,2
189,0.38182,0.20000,0.41818,42.63636,18.60870,26.19048,1.00000,2
190,0.26866,0.31343,0.41791,26.76190,13.80357,18.50000,0.75000,1
191,0.30645,0.24194,0.45161,26.55556,15.75000,17.52632,0.80000,2
192,0.27612,0.38060,0.34328,20.29412,10.47826,15.02703,1.00000,2
193,0.33858,0.09449,0.56693,17.75000,14.76389,22.51163,0.33330,2
194,0.08911,0.85149,0.05941,26.46512,3.33333,15.55556,0.90910,0
195,0.28099,0.42149,0.29752,26.56863,8.88889,18.47059,0.60000,1
196,0.30882,0.36765,0.32353,26.28000,12.86364,18.71429,0.83330,1
197,0.15966,0.33613,0.50420,32.97500,16.76667,19.10526,0.73330,1
198,0.30075,0.55639,0.14286,26.83784,4.84211,17.22500,1.00000,0
200,0.21642,0.64925,0.13433,21.91954,13.72222,24.13793,0.71430,0
201,0.37931,0.31034,0.31034,21.22222,5.38889,17.95455,0.50000,2
202,0.23846,0.46154,0.30000,14.11667,6.48718,12.45161,1.00000,0
203,0.30769,0.45192,0.24038,25.72340,10.16000,15.93750,1.00000,0
204,0.29851,0.39552,0.30597,28.07547,7.41463,12.92500,1.00000,0
205,0.41322,0.22314,0.36364,33.62963,16.52273,19.54000,0.80000,1
207,0.34906,0.25472,0.39623,24.07407,17.11905,17.56757,0.50000,1
208,0.25373,0.52239,0.22388,25.28571,12.73333,22.41176,0.66670,1
209,0.52206,0.22794,0.25000,25.64516,11.67647,22.14085,0.80000,1
210,0.33155,0.34759,0.32086,22.36923,9.60000,17.90323,1.00000,0
211,0.33846,0.26154,0.40000,24.58824,12.46154,20.75000,0.83330,1
212,0.23214,0.55357,0.21429,26.40323,13.95833,20.00000,0.80000,2
213,0.27407,0.22222,0.50370,27.66667,14.01471,15.37838,1.00000,1
214,0.27027,0.43243,0.29730,25.04167,18.00000,22.33333,0.37500,0
215,0.20994,0.56354,0.22652,19.20588,11.90244,15.10526,1.00000,0
216,0.37778,0.36296,0.25926,18.65306,7.85714,16.15686,0.66670,1
217,0.19355,0.70968,0.09677,25.96591,14.00000,21.29167,0.90000,0
218,0.50746,0.21642,0.27612,25.55172,3.97297,15.04412,1.00000,0
219,0.48921,0.26619,0.24460,23.70270,12.02941,21.17647,0.60000,1
220,0.06767,0.77444,0.15789,16.16505,7.85714,11.44444,1.00000,1
221,0.18349,0.73394,0.08257,18.66250,9.55556,14.35000,1.00000,1
222,0.39706,0.32353,0.27941,29.72727,10.23684,20.05556,1.00000,0
223,0.43802,0.27273,0.28926,19.12121,7.94286,16.98113,0.66670,2
224,0.06767,0.60902,0.32331,22.01235,7.44186,10.22222,1.00000,0
225,0.27692,0.49231,0.23077,27.50000,14.66667,27.38889,0.55560,0
226,0.49580,0.10924,0.39496,21.84615,17.48936,22.88136,0.00000,2
227,0.18462,0.66154,0.15385,25.76744,5.20000,15.16667,1.00000,0
228,0.14961,0.57480,0.27559,28.87671,17.62857,17.94737,1.00000,1
229,0.06604,0.74528,0.18868,22.35443,12.50000,15.28571,1.00000,0
230,0.23529,0.35294,0.41176,20.64583,12.66071,13.96875,1.00000,0
231,0.29231,0.32308,0.38462,29.19048,11.14000,15.76316,0.87500,0
232,0.32500,0.22500,0.45000,26.00000,18.11111,21.82051,0.20000,0
233,0.17910,0.58209,0.23881,25.35897,15.87500,17.83333,1.00000,2
234,0.37984,0.31783,0.30233,19.95122,6.89744,19.02041,0.75000,1
235,0.26446,0.16529,0.57025,21.95000,19.24638,18.56250,0.25000,1
236,0.38129,0.28058,0.33813,28.30769,20.06383,17.28302,0.28570,0
237,0.43478,0.15942,0.40580,23.90909,16.60714,17.58333,0.50000,0
238,0.23656,0.58065,0.18280,24.29630,16.47059,21.38636,1.00000,0
239,0.66197,0.08451,0.25352,8.83333,11.22222,18.95745,0.00000,0
240,0.22807,0.13158,0.64035,33.13333,17.82192,25.80769,0.36360,0
241,0.37681,0.14493,0.47826,16.80000,15.45455,20.80769,0.00000,0
242,0.40769,0.16154,0.43077,29.04762,21.00000,22.50943,0.50000,1
243,0.25833,0.51667,0.22500,23.00000,9.44444,14.58065,1.00000,0
244,0.59350,0.10569,0.30081,19.76923,16.54054,22.61644,0.20000,1
245,0.44928,0.21739,0.33333,23.33333,15.43478,16.58065,1.00000,0
246,0.27143,0.32857,0.40000,26.34783,11.71429,19.78947,1.00000,0
247,0.21429,0.43651,0.34921,21.69091,9.70455,17.88889,1.00000,0
248,0.45736,0.17054,0.37209,22.68182,14.12500,23.72881,0.40000,2
249,0.11765,0.64706,0.23529,24.14286,13.28571,19.28571,1.00000,0
250,0.07353,0.68382,0.24265,23.61290,14.36364,8.20000,0.85710,0
251,0.19380,0.63566,0.17054,20.45122,9.36364,17.12000,1.00000,0
252,0.26154,0.50769,0.23077,31.87879,12.20000,21.05882,1.00000,1
253,0.31183,0.43548,0.25269,24.39506,11.06383,19.01724,1.00000,0
254,0.09091,0.71212,0.19697,26.19149,6.07692,16.50000,1.00000,1
255,0.15942,0.50725,0.33333,22.27143,10.52174,15.86364,0.75000,0
256,0.32308,0.24615,0.43077,28.31250,13.85714,23.85714,0.66670,1
257,0.11200,0.74400,0.14400,22.75269,7.88889,27.92857,0.80000,0
258,0.21138,0.67480,0.11382,21.50602,4.07143,11.50000,1.00000,0
259,0.27143,0.47143,0.25714,21.51515,12.66667,19.57895,0.00000,0
260,0.42105,0.18045,0.39850,22.83333,13.43396,19.89286,0.75000,1
261,0.49635,0.21898,0.28467,28.76667,13.79487,19.82353,0.40000,2
262,0.13869,0.65693,0.20438,22.12222,8.10714,12.78947,1.00000,0
263,0.07143,0.65079,0.27778,26.54878,5.71429,10.22222,1.00000,0
264,0.28571,0.41353,0.30075,23.36364,13.47500,17.60526,0.75000,2
265,0.52344,0.11719,0.35938,17.86667,13.06522,23.80597,0.11110,2
266,0.20588,0.38971,0.40441,21.18868,11.41818,16.64286,1.00000,2
267,0.46667,0.02222,0.51111,12.00000,13.98551,20.55556,0.00000,1
268,0.49438,0.07865,0.42697,26.57143,14.89474,21.22727,0.18180,2
269,0.56522,0.18261,0.25217,23.90476,13.27586,21.16923,0.23080,1
270,0.34307,0.19708,0.45985,21.25926,14.20635,16.34043,0.20000,0
271,0.22308,0.53846,0.23846,22.27143,9.45161,15.37931,1.00000,1
272,0.47399,0.27168,0.25434,27.51064,12.22727,19.48780,0.72730,0
273,0.50811,0.08108,0.41081,38.00000,17.15789,23.51064,0.54550,1
274,0.19298,0.28070,0.52632,27.18750,15.00000,19.00000,0.00000,2
275,0.38406,0.18841,0.42754,22.03846,9.35593,17.07547,0.33330,1
276,0.33333,0.25397,0.41270,27.43750,10.46154,18.04762,1.00000,1
277,0.35385,0.10769,0.53846,30.14286,17.48571,22.56522,0.00000,1
278,0.43939,0.25758,0.30303,25.88235,11.25000,18.12069,1.00000,0
279,0.50427,0.10256,0.39316,19.16667,22.43478,23.38983,0.15380,2
280,0.30000,0.47692,0.22308,22.16129,9.68966,16.15385,1.00000,1
281,0.41463,0.28455,0.30081,26.25714,6.67568,20.25490,0.55560,1
282,0.32124,0.15544,0.52332,24.86667,16.51485,18.93548,0.33330,0
283,0.12069,0.28448,0.59483,27.93939,15.91304,12.50000,0.66670,1
284,0.07692,0.36538,0.55769,31.31579,18.51724,26.50000,0.66670,1
285,0.26866,0.49254,0.23881,28.36364,15.87500,14.83333,1.00000,2
286,0.46457,0.05512,0.48031,22.85714,16.16393,22.03390,0.00000,2
287,0.25600,0.60800,0.13600,25.94737,11.05882,18.06250,0.83330,1
288,0.20312,0.64062,0.15625,25.34146,11.40000,18.30769,0.92310,2
289,0.30469,0.37500,0.32031,27.35417,6.53659,17.87179,1.00000,2
290,0.24818,0.45985,0.29197,24.39683,15.22500,14.94118,1.00000,1
291,0.36975,0.40336,0.22689,24.62500,10.85185,19.63636,0.57140,2
292,0.20161,0.64516,0.15323,24.51250,13.00000,22.16000,1.00000,1
293,0.23077,0.47692,0.29231,26.06452,17.26316,20.26667,0.55560,1
294,0.35659,0.21705,0.42636,19.14286,13.80000,20.86957,0.50000,1
295,0.23438,0.49219,0.27344,29.50794,16.02857,19.93333,0.91670,0
296,0.08148,0.74815,0.17037,22.85149,8.91304,15.63636,1.00000,0
297,0.26087,0.11594,0.62319,21.00000,17.34884,16.94444,0.00000,1
298,0.31683,0.44554,0.23762,24.95556,11.83333,18.12500,1.00000,1
299,0.59055,0.05512,0.35433,16.85714,10.53333,20.96000,0.00000,2
300,0.07752,0.68992,0.23256,23.80899,6.40000,18.10000,0.85710,1
301,0.64844,0.18750,0.16406,26.16667,9.61905,22.15663,0.33330,1
302,0.45522,0.27612,0.26866,22.35135,11.52778,15.88525,1.00000,2
303,0.36434,0.24031,0.39535,22.35484,16.39216,23.17021,0.44440,2
304,0.52206,0.14706,0.33088,30.10000,16.97778,25.50704,0.33330,1
305,0.45238,0.15079,0.39683,19.57895,15.98000,14.66667,0.00000,1
306,0.31429,0.25714,0.42857,26.68889,16.88000,17.16364,0.44440,1
307,0.35455,0.20909,0.43636,29.65217,11.22917,17.89744,0.75000,1
308,0.24806,0.54264,0.20930,23.94286,13.59259,19.78125,1.00000,1
309,0.13084,0.06542,0.80374,11.71429,20.10465,28.85714,0.00000,1
310,0.16364,0.22727,0.60909,22.20000,16.11940,17.83333,0.00000,1
311,0.21101,0.42202,0.36697,19.23913,12.25000,21.17391,1.00000,1
312,0.12500,0.35938,0.51562,24.17391,19.95455,28.00000,0.50000,1
313,0.15966,0.15126,0.68908,21.72222,17.89024,16.68421,0.25000,1
314,0.16176,0.08824,0.75000,27.08333,16.19608,19.54545,0.16670,1
315,0.22059,0.08824,0.69118,22.66667,19.80851,17.26667,0.20000,1
316,0.23846,0.13846,0.62308,21.72222,15.02469,22.03226,0.00000,1
317,0.30233,0.09302,0.60465,22.50000,13.10256,18.97436,0.33330,1
318,0.13846,0.66923,0.19231,20.16092,12.08000,14.66667,0.80000,2
319,0.17213,0.46721,0.36066,21.28070,6.95455,15.52381,1.00000,2
320,0.14173,0.74016,0.11811,23.03191,14.73333,14.61111,1.00000,2
321,0.08163,0.69388,0.22449,30.70588,21.18182,28.50000,0.80000,2
322,0.33019,0.28302,0.38679,23.36667,13.85366,18.14286,0.33330,2
323,0.34286,0.17857,0.47857,23.44000,15.56716,18.56250,0.25000,2
324,0.27374,0.52514,0.20112,24.21277,15.25000,19.95918,0.80000,2
325,0.24800,0.60000,0.15200,26.29333,12.36842,26.61290,0.66670,1
326,0.19231,0.62308,0.18462,30.41975,16.79167,24.20000,0.76470,1
327,0.13178,0.51938,0.34884,19.55224,14.31111,19.11765,1.00000,1
328,0.23358,0.02920,0.73723,17.75000,19.00990,16.53125,0.00000,0
329,0.29008,0.51145,0.19847,26.55224,11.11538,20.71053,0.71430,1
330,0.11852,0.57037,0.31111,20.59740,12.97619,10.75000,1.00000,0
331,0.38462,0.30769,0.30769,30.50000,18.65000,24.40000,0.55560,1
332,0.18750,0.73438,0.07812,23.62766,11.70000,19.50000,1.00000,2
333,0.10791,0.66906,0.22302,22.58065,11.09677,16.06667,1.00000,0
334,0.11852,0.66667,0.21481,22.08889,15.00000,11.93750,1.00000,0
335,0.55645,0.12903,0.31452,28.50000,13.38462,22.50725,0.60000,0
336,0.63636,0.14439,0.21925,19.96296,10.26829,20.81513,0.33330,1
337,0.56085,0.13228,0.30688,25.40000,13.20690,20.91509,0.20000,0
338,0.30769,0.38462,0.30769,20.70000,7.00000,15.10000,1.00000,2
339,0.40945,0.29134,0.29921,30.35135,17.15789,23.90385,0.44440,2
340,0.39706,0.25000,0.35294,19.94118,12.37500,14.44444,0.00000,2
341,0.26772,0.21260,0.51969,21.62963,14.87879,16.38235,0.33330,1
342,0.23846,0.20000,0.56154,27.26923,14.75342,18.61290,0.50000,2
343,0.10294,0.39706,0.50000,30.14815,11.85294,15.57143,0.80000,1
344,0.07353,0.52941,0.39706,20.44444,10.07407,3.60000,1.00000,1
345,0.16418,0.41791,0.41791,26.25000,17.75000,20.45455,0.66670,1
346,0.16092,0.51149,0.32759,24.32584,16.59649,15.46429,0.71430,2
347,0.17989,0.40741,0.41270,26.75325,15.73077,16.55882,0.66670,2
348,0.07143,0.70000,0.22857,20.30612,14.25000,17.40000,1.00000,1
349,0.11200,0.60000,0.28800,27.16000,12.33333,15.35714,1.00000,1
350,0.14516,0.46774,0.38710,26.00000,12.79167,16.66667,1.00000,0
351,0.09659,0.77273,0.13068,24.62500,10.91304,14.82353,0.92860,1
352,0.24038,0.25000,0.50962,26.96154,15.35849,19.52000,0.37500,2
353,0.13472,0.51813,0.34715,21.39000,8.98507,11.50000,1.00000,0
354,0.14286,0.48413,0.37302,31.11475,16.14894,19.27778,1.00000,0
355,0.15966,0.32773,0.51261,23.92308,22.60656,23.21053,0.40000,0
356,0.08333,0.75000,0.16667,20.98765,12.11111,11.44444,1.00000,0
357,0.10294,0.69118,0.20588,18.17021,9.50000,5.57143,1.00000,0
358,0.04615,0.80000,0.15385,18.01923,4.70000,14.66667,1.00000,0
359,0.24793,0.47107,0.28099,22.40351,12.82353,13.26667,0.50000,0
360,0.25984,0.26772,0.47244,25.88235,13.50000,16.42424,0.42860,0
361,0.08824,0.51471,0.39706,22.85714,19.03704,21.16667,0.66670,0
362,0.12389,0.39823,0.47788,23.95556,8.88889,17.71429,0.85710,0
363,0.40650,0.24390,0.34959,34.80000,14.13953,22.00000,0.85710,1
364,0.60294,0.14706,0.25000,26.20000,12.88235,23.41463,0.33330,0
365,0.49573,0.27350,0.23077,19.75000,12.74074,21.81034,0.33330,0
366,0.60833,0.12500,0.26667,27.66667,15.81250,24.91781,0.08330,0
367,0.08130,0.82114,0.09756,22.43564,16.83333,14.20000,0.87500,1
368,0.19259,0.14815,0.65926,22.15000,19.13483,22.61538,0.00000,2
369,0.16058,0.62774,0.21168,19.10465,11.03448,15.40909,1.00000,1
370,0.27132,0.17054,0.55814,15.04545,19.94444,15.54286,0.00000,1
371,0.18785,0.64641,0.16575,22.08547,11.96667,16.50000,0.80000,1
372,0.17368,0.55789,0.26842,24.81132,11.78431,18.06061,1.00000,1
373,0.08730,0.19048,0.72222,26.91667,13.73626,12.45455,0.66670,1
374,0.16279,0.44186,0.39535,25.52632,13.74510,20.04762,0.75000,1
375,0.07975,0.73620,0.18405,22.16667,12.46667,14.92308,0.88890,1
376,0.15789,0.44361,0.39850,22.71186,15.69811,16.52381,0.88890,1
379,0.14019,0.62617,0.23364,29.04478,11.64000,17.00000,1.00000,0
380,0.06338,0.88732,0.04930,23.02381,17.14286,14.22222,1.00000,0
381,0.65414,0.05263,0.29323,25.71429,11.15385,21.36782,0.00000,2
382,0.51200,0.14400,0.34400,14.00000,13.34884,18.50000,0.00000,1
383,0.47619,0.33333,0.19048,24.26190,18.54167,22.10000,0.50000,0
384,0.45113,0.07519,0.47368,24.70000,14.95238,22.71667,0.33330,0
385,0.48739,0.21849,0.29412,24.26923,11.31429,19.15517,0.75000,0
386,0.16667,0.39855,0.43478,25.67273,11.40000,14.04348,0.62500,0
387,0.48571,0.10714,0.40714,22.53333,18.96491,20.89706,0.14290,1
388,0.45113,0.29323,0.25564,33.10256,15.85294,22.25000,0.85710,2
389,0.30172,0.34483,0.35345,27.27500,11.78049,20.71429,0.68750,0
390,0.38583,0.14173,0.47244,18.00000,17.58333,20.04082,0.00000,1
391,0.40580,0.23913,0.35507,27.87879,12.95918,18.94643,0.75000,2
392,0.17778,0.44444,0.37778,28.08333,19.60784,18.12500,0.77780,0
393,0.26471,0.32353,0.41176,25.77273,15.10714,16.94444,0.62500,2
394,0.33333,0.14208,0.52459,32.00000,19.95833,20.11475,0.70000,1
395,0.23200,0.50400,0.26400,18.66667,7.69697,13.79310,1.00000,0
396,0.35714,0.17143,0.47143,28.08333,12.36364,22.60000,1.00000,1
397,0.36434,0.41085,0.22481,22.96226,8.48276,19.61702,0.66670,1
398,0.43646,0.35912,0.20442,28.00000,16.97297,19.24051,0.80000,2
399,0.19048,0.47619,0.33333,21.75000,6.59524,15.79167,1.00000,0
400,0.54545,0.12834,0.32620,23.58333,20.47541,19.34314,0.12500,2
401,0.17600,0.48800,0.33600,27.62295,14.78571,17.81818,0.85710,0
402,0.30400,0.12000,0.57600,23.06667,16.81944,18.57895,0.50000,2
403,0.35593,0.07627,0.56780,13.66667,15.79104,14.50000,0.00000,1
404,0.42929,0.12626,0.44444,18.68000,16.36364,18.40000,0.00000,1
405,0.21260,0.66142,0.12598,22.30952,5.06250,16.00000,1.00000,0
406,0.12931,0.61207,0.25862,29.85915,11.96667,12.40000,0.92860,0
407,0.38095,0.33333,0.28571,14.80952,13.88889,22.04167,0.00000,0
408,0.39231,0.36154,0.24615,26.51064,9.71875,20.98039,0.44440,1
409,0.32117,0.26277,0.41606,25.44444,11.56140,18.90909,0.75000,0
410,0.36923,0.33846,0.29231,34.63636,13.47368,23.95833,0.44440,0
411,0.52101,0.09244,0.38655,8.90909,9.93478,22.87097,0.00000,2
412,0.42286,0.22857,0.34857,28.02500,14.09836,21.75676,0.55560,0
413,0.24779,0.32743,0.42478,25.91892,13.91667,19.46429,1.00000,1
414,0.24000,0.27200,0.48800,25.29412,15.22951,19.73333,0.80000,0
415,0.21538,0.44615,0.33846,29.44828,11.36364,24.00000,0.66670,1
416,0.28682,0.18605,0.52713,24.20833,15.04412,23.05405,0.27270,2
417,0.51099,0.16484,0.32418,24.16667,13.64407,21.58065,0.66670,2
418,0.38333,0.37500,0.24167,24.62222,13.10345,17.95652,0.75000,2
419,0.40769,0.35385,0.23846,25.34783,15.29032,18.62264,0.75000,2
420,0.36567,0.44030,0.19403,21.57627,7.00000,15.87755,0.75000,2
421,0.21138,0.49593,0.29268,26.98361,10.63889,14.57692,1.00000,2
422,0.41304,0.29710,0.28986,24.34146,11.90000,24.05263,0.50000,2
423,0.50000,0.10145,0.39855,30.14286,14.16364,19.95652,0.66670,2
425,0.60194,0.13592,0.26214,21.21429,12.96296,19.16129,0.00000,1
426,0.33051,0.20339,0.46610,27.37500,15.89091,19.23077,0.70000,1
427,0.28986,0.35507,0.35507,24.44898,25.10204,23.20000,0.20000,0
428,0.37681,0.23188,0.39130,22.87500,13.51852,18.76923,1.00000,0
429,0.43396,0.28302,0.28302,26.84444,15.68889,22.56522,0.75000,1
430,0.32090,0.32090,0.35821,28.13953,14.04167,19.16279,0.83330,2
431,0.26984,0.50265,0.22751,24.54737,15.18605,18.94118,0.72730,0
432,0.43478,0.15942,0.40580,22.81818,11.76786,14.75000,0.20000,1
433,0.58400,0.11200,0.30400,13.00000,10.94737,18.63014,0.00000,1
434,0.61386,0.07921,0.30693,29.25000,12.87097,24.61290,0.00000,1
435,0.58772,0.23684,0.17544,13.14815,8.90000,20.29851,0.00000,0
436,0.41935,0.24194,0.33871,20.20000,10.76190,19.84615,0.20000,0
437,0.57732,0.11340,0.30928,19.95455,13.83333,21.48214,0.20000,0
438,0.40845,0.21127,0.38028,19.53333,9.29630,18.82759,0.00000,0
439,0.56204,0.08759,0.35036,23.50000,17.68750,24.50649,0.11110,0
440,0.64912,0.08772,0.26316,16.20000,12.60000,18.87838,0.00000,0
441,0.43846,0.26923,0.29231,23.74286,15.21053,19.78947,0.50000,1
442,0.46154,0.14615,0.39231,19.36842,18.84314,22.45000,0.33330,0
443,0.45000,0.23333,0.31667,21.82143,13.57895,16.94444,0.33330,2
444,0.36538,0.21154,0.42308,28.63636,10.54545,15.57895,1.00000,2
445,0.48333,0.20000,0.31667,17.66667,9.44737,18.79310,0.33330,2
446,0.64122,0.09160,0.26718,21.16667,12.31429,21.07143,0.60000,2
447,0.66667,0.08730,0.24603,14.54545,11.64516,21.51190,0.00000,2
448,0.57692,0.06923,0.35385,11.22222,13.21739,22.58667,0.00000,2
449,0.13534,0.75188,0.11278,21.21000,18.00000,15.16667,1.00000,1
450,0.26804,0.30412,0.42784,25.37288,12.62651,19.82692,0.75000,1
451,0.15873,0.75661,0.08466,22.14685,8.43750,18.63333,1.00000,0
452,0.48598,0.21495,0.29907,25.69565,8.96875,19.71154,0.75000,1
453,0.33588,0.29771,0.36641,28.23077,15.81250,18.25000,1.00000,1
454,0.32593,0.08889,0.58519,10.25000,16.73418,18.29545,0.00000,1
455,0.13636,0.71818,0.14545,21.78481,3.50000,15.13333,1.00000,0
456,0.21739,0.33333,0.44928,26.91304,12.03226,15.13333,1.00000,1
457,0.36697,0.18349,0.44954,24.05000,19.51020,26.77500,0.44440,1
458,0.21805,0.39850,0.38346,29.41509,8.21569,13.72414,1.00000,1
459,0.27933,0.20670,0.51397,27.59459,15.88043,19.48000,0.60000,1
460,0.34615,0.25000,0.40385,27.61538,11.09524,15.05556,1.00000,1
461,0.32061,0.32061,0.35878,27.04762,16.76596,17.80952,0.83330,0
462,0.45763,0.22034,0.32203,17.80769,14.73684,20.66667,0.11110,1
463,0.40845,0.18310,0.40845,21.30769,10.10345,17.93103,1.00000,0
464,0.34545,0.32727,0.32727,33.27778,14.38889,31.00000,0.57140,2
465,0.38462,0.41538,0.20000,34.22222,16.38462,18.24000,0.77780,1
466,0.43200,0.24000,0.32800,22.13333,12.36585,23.22222,0.80000,0
467,0.34263,0.17530,0.48207,24.29545,11.13223,18.16279,0.62500,1
468,0.58197,0.19672,0.22131,32.41667,14.96296,25.80282,0.46670,1
469,0.22835,0.62205,0.14961,22.56962,11.10526,17.41379,1.00000,1
470,0.53623,0.13043,0.33333,19.77778,11.04348,21.27027,0.00000,1
471,0.53125,0.11719,0.35156,29.86667,15.02222,21.27941,0.50000,1
472,0.52459,0.16393,0.31148,19.63333,12.80702,21.17708,0.25000,1
473,0.42969,0.25000,0.32031,22.46875,14.19512,15.85455,0.75000,1
474,0.31429,0.25714,0.42857,24.13889,18.40000,21.63636,0.20000,1
475,0.61345,0.10924,0.27731,22.38462,11.84848,27.41096,0.00000,1
476,0.40000,0.24286,0.35714,23.08824,4.88000,11.42857,1.00000,1
477,0.56923,0.10769,0.32308,23.85714,13.73810,22.97297,0.50000,2
478,0.34409,0.32258,0.33333,29.38333,14.30645,16.06250,0.72730,1
479,0.35246,0.20492,0.44262,25.92000,9.77778,18.06977,0.33330,2
480,0.48819,0.10236,0.40945,17.38462,13.13462,20.96774,0.00000,2
481,0.60335,0.08380,0.31285,22.46667,15.39286,22.55556,0.20000,2
482,0.66406,0.05469,0.28125,8.85714,10.13889,18.30588,0.00000,2
483,0.29412,0.30882,0.39706,27.57143,12.62963,20.30000,0.60000,2
484,0.50000,0.22581,0.27419,29.03571,14.97059,20.88710,0.60000,1
485,0.58647,0.12782,0.28571,24.76471,16.81579,25.30769,0.28570,1
486,0.51969,0.11024,0.37008,28.00000,12.36170,21.80303,0.12500,1
487,0.59350,0.07317,0.33333,19.88889,9.41463,15.90411,0.50000,2
488,0.55738,0.03279,0.40984,24.00000,16.08000,25.27941,0.10000,1
489,0.46617,0.21053,0.32331,27.85714,7.79070,17.01613,1.00000,1
490,0.57500,0.05833,0.36667,16.42857,15.90909,21.04348,0.00000,2
491,0.55376,0.11828,0.32796,35.18182,14.04918,22.11650,0.64290,1
492,0.40000,0.29231,0.30769,26.63158,10.25000,28.03846,0.44440,2
493,0.50820,0.26230,0.22951,33.93750,18.28571,22.01613,0.71430,2
494,0.50420,0.11765,0.37815,24.64286,17.15556,23.40000,0.16670,1
495,0.60465,0.11628,0.27907,18.26667,14.52778,16.62821,0.50000,1
496,0.38596,0.35088,0.26316,23.25000,10.60000,21.36364,1.00000,1
497,0.35461,0.18440,0.46099,30.00000,16.64615,18.62000,0.42860,2
498,0.41322,0.16529,0.42149,21.60000,15.09804,17.84000,1.00000,2
499,0.14400,0.34400,0.51200,28.32558,12.73438,17.44444,0.50000,2
500,0.37984,0.17829,0.44186,29.34783,16.92982,23.95918,0.50000,2
501,0.17308,0.48077,0.34615,18.04000,15.22222,13.11111,1.00000,0
502,0.14615,0.42308,0.43077,20.18182,18.89286,22.05263,1.00000,0
503,0.37302,0.19841,0.42857,23.28000,17.42593,19.48936,0.50000,0
504,0.12727,0.34545,0.52727,28.89474,24.24138,27.85714,0.57140,0
505,0.22047,0.37008,0.40945,26.12766,14.96154,22.67857,0.54550,0
506,0.13178,0.26357,0.60465,21.41176,11.79487,15.52941,0.50000,0
507,0.23200,0.50400,0.26400,22.33333,9.06061,14.13793,1.00000,1
508,0.30000,0.25714,0.44286,22.30556,17.27419,16.83333,0.42860,1
509,0.08392,0.75524,0.16084,24.36111,17.43478,14.58333,0.90000,0
510,0.12687,0.66418,0.20896,21.92135,7.42857,13.47059,1.00000,0
511,0.22764,0.37398,0.39837,27.30435,14.20408,23.75000,0.75000,1
512,0.13281,0.46875,0.39844,23.40000,17.86275,18.76471,0.75000,0
513,0.23256,0.17054,0.59690,25.90909,17.05195,21.93333,0.80000,1
514,0.10345,0.50000,0.39655,16.79310,11.39130,20.83333,0.50000,0
515,0.16000,0.52800,0.31200,25.96970,16.07692,17.35000,1.00000,0
516,0.72581,0.06452,0.20968,29.00000,14.73077,21.91111,0.20000,2
517,0.33065,0.47581,0.19355,26.93220,14.87500,17.65854,0.76920,1
518,0.11200,0.21600,0.67200,26.22222,20.51190,19.78571,0.40000,1
519,0.26230,0.47541,0.26230,23.41379,14.34375,17.03125,0.75000,0
520,0.24427,0.38931,0.36641,19.66667,8.12500,14.53125,1.00000,0
521,0.08333,0.56667,0.35000,28.10294,11.59524,14.80000,1.00000,0
522,0.11538,0.51923,0.36538,23.07407,13.68421,12.50000,1.00000,0
523,0.27068,0.43609,0.29323,24.91379,14.20513,23.52778,0.75000,1
524,0.09917,0.34711,0.55372,30.04762,19.40299,20.33333,0.71430,1
525,0.13445,0.61345,0.25210,23.35616,11.06667,14.00000,1.00000,1
526,0.18803,0.43590,0.37607,21.33333,12.52273,18.81818,0.75000,1
527,0.39655,0.04310,0.56034,25.20000,18.33846,21.86957,0.00000,1
528,0.20455,0.52273,0.27273,21.84058,13.80556,17.77778,0.66670,0
529,0.31818,0.32576,0.35606,26.60465,21.00000,28.42857,0.33330,1
530,0.57724,0.13821,0.28455,26.64706,13.37143,19.98592,0.50000,1
531,0.50388,0.17054,0.32558,23.45455,13.21429,22.92308,0.28570,1
532,0.26316,0.15038,0.58647,20.05000,15.62821,16.11429,0.00000,0
533,0.38418,0.28249,0.33333,27.48000,12.55932,17.77941,0.60000,1
534,0.41791,0.15672,0.42537,29.19048,20.43860,25.80357,0.11110,1
535,0.37008,0.07874,0.55118,30.50000,19.57143,20.25532,0.20000,1
536,0.22901,0.35878,0.41221,24.55319,9.68519,13.66667,1.00000,1
537,0.20690,0.29310,0.50000,21.11765,9.86207,19.08333,1.00000,1
538,0.11538,0.46154,0.42308,21.95833,11.04545,12.16667,1.00000,1
539,0.29032,0.39516,0.31452,24.85714,15.92308,17.25000,0.75000,1
540,0.33858,0.25197,0.40945,28.78125,13.63462,22.27907,0.80000,1
541,0.25758,0.28788,0.45455,22.97368,17.45000,21.94118,0.42860,1
542,0.55285,0.21138,0.23577,18.88462,13.20690,19.36765,0.28570,1
543,0.43382,0.27206,0.29412,25.08108,16.62500,22.30508,0.28570,1
544,0.09091,0.58182,0.32727,30.00000,17.66667,33.80000,0.71430,1
545,0.17742,0.57258,0.25000,24.88732,14.35484,16.36364,0.71430,0
546,0.38710,0.18548,0.42742,27.13043,12.60377,19.95833,0.57140,1
547,0.57692,0.11538,0.30769,25.16667,10.25000,17.60000,0.00000,1
548,0.46610,0.07627,0.45763,12.88889,19.59259,26.54545,0.00000,1
549,0.05600,0.88800,0.05600,22.06306,5.85714,13.57143,1.00000,0
550,0.15000,0.45000,0.40000,22.79630,13.14583,16.77778,1.00000,0
551,0.05464,0.83607,0.10929,22.28105,2.60000,17.30000,1.00000,0
552,0.04237,0.72034,0.23729,21.64706,13.60714,8.80000,1.00000,0
553,0.09574,0.67553,0.22872,21.96850,11.23256,13.22222,0.85710,0
554,0.09016,0.52459,0.38525,27.54688,15.95745,15.54545,0.71430,1
555,0.17021,0.58156,0.24823,23.97561,12.91429,20.00000,0.88890,1
556,0.01923,0.26923,0.71154,15.57143,19.56757,16.00000,0.00000,1
557,0.11475,0.48087,0.40437,24.52273,12.32432,16.38095,1.00000,1
558,0.07087,0.66142,0.26772,26.11905,15.91176,18.44444,0.90910,1
559,0.12727,0.36364,0.50909,35.70000,19.46429,26.85714,1.00000,1
560,0.14184,0.62411,0.23404,21.50000,14.03030,13.80000,0.87500,1
561,0.10484,0.70161,0.19355,27.66667,10.08333,18.00000,1.00000,1
562,0.06250,0.82031,0.11719,23.67619,7.33333,11.87500,1.00000,1
563,0.10145,0.78986,0.10870,25.51376,15.00000,17.28571,1.00000,0
564,0.13492,0.74603,0.11905,25.86170,8.26667,16.05882,0.90910,0
565,0.17969,0.51562,0.30469,21.21212,11.84615,13.13043,1.00000,0
566,0.10484,0.68548,0.20968,22.65882,12.42308,11.00000,1.00000,0
567,0.11538,0.75000,0.13462,20.53846,12.28571,11.83333,1.00000,0
568,0.08840,0.59669,0.31492,22.82407,13.17544,14.31250,0.60000,0
569,0.30702,0.27193,0.42105,24.96774,16.41667,16.77143,0.75000,0
570,0.13333,0.70833,0.15833,17.44706,7.63158,15.50000,1.00000,0
571,0.23333,0.43333,0.33333,24.07692,17.26667,20.95238,0.60000,1
572,0.14062,0.30469,0.55469,22.38462,14.70423,17.05556,1.00000,1
573,0.03175,0.70635,0.26190,22.32584,8.36364,16.75000,1.00000,1
574,0.26136,0.22159,0.51705,25.33333,18.71429,22.13043,0.50000,1
575,0.03509,0.71930,0.24561,22.65854,14.17857,9.00000,1.00000,1
576,0.08759,0.51095,0.40146,27.21429,14.20000,13.83333,0.88890,1
577,0.11207,0.36207,0.52586,22.14286,10.95082,16.61538,0.75000,1
578,0.16279,0.28682,0.55039,24.45946,17.83099,16.71429,0.75000,1
579,0.15909,0.56061,0.28030,21.68919,4.72973,14.23810,1.00000,1
580,0.41129,0.33065,0.25806,29.46341,18.87500,23.56863,0.75000,1
581,0.10000,0.58333,0.31667,24.19048,13.87719,11.77778,1.00000,0
582,0.45161,0.21774,0.33065,17.29630,12.21951,14.89286,0.33330,1
583,0.30435,0.20290,0.49275,27.85714,22.08824,20.14286,0.55560,1
584,0.36842,0.15038,0.48120,24.65000,18.75000,23.97959,0.37500,1
585,0.14035,0.36842,0.49123,26.71429,13.50000,19.37500,1.00000,1
586,0.15625,0.71875,0.12500,22.03261,8.75000,14.10000,0.80000,0
587,0.22308,0.43846,0.33846,20.77193,10.18182,14.72414,1.00000,1
588,0.16667,0.65833,0.17500,26.37975,11.04762,15.10000,1.00000,1
589,0.09774,0.52632,0.37594,23.32857,15.92000,13.00000,0.66670,1
590,0.12030,0.51880,0.36090,21.04348,8.10417,13.93750,1.00000,1
591,0.14173,0.31496,0.54331,25.30000,14.10145,20.33333,0.88890,1
592,0.42188,0.25781,0.32031,23.96970,15.63415,18.22222,0.40000,1
593,0.08163,0.53061,0.38776,30.57692,26.57895,22.75000,0.40000,1
594,0.24638,0.55797,0.19565,24.72727,16.14815,21.47059,0.90910,1
595,0.09630,0.78519,0.11852,21.98113,9.56250,13.92308,1.00000,1
596,0.53125,0.17969,0.28906,24.43478,18.35135,23.92647,0.25000,2
597,0.20769,0.14615,0.64615,17.68421,16.51190,17.11111,0.33330,1
598,0.29050,0.21788,0.49162,16.00000,16.85227,16.61538,0.00000,1
599,0.11200,0.32800,0.56000,26.21951,13.71429,14.21429,0.80000,0
600,0.19380,0.15504,0.65116,23.60000,16.23810,17.48000,0.50000,0
601,0.46400,0.12800,0.40800,21.93750,8.37255,16.08621,1.00000,2
602,0.30769,0.21154,0.48077,25.90909,15.60000,10.50000,1.00000,0
603,0.05455,0.74545,0.20000,28.39024,17.72727,29.33333,1.00000,1
604,0.05512,0.77165,0.17323,23.15306,8.95455,25.00000,0.77780,0
605,0.05645,0.64516,0.29839,24.22500,27.59459,13.00000,0.50000,0
606,0.29323,0.36090,0.34586,22.72917,11.39130,21.30769,0.85710,1
607,0.26277,0.32117,0.41606,27.59091,16.42105,25.00000,0.90910,0
608,0.44715,0.12195,0.43089,20.40000,16.98113,25.18182,0.00000,2
609,0.13600,0.52800,0.33600,21.31818,12.14286,15.88235,0.75000,0
610,0.21429,0.37302,0.41270,22.61702,11.71154,17.77778,1.00000,1
611,0.16667,0.15000,0.68333,23.72222,20.68293,21.30000,0.18180,2
612,0.09677,0.66129,0.24194,26.09756,11.73333,16.66667,1.00000,0
613,0.17213,0.63934,0.18852,26.00000,13.78261,14.52381,1.00000,2
614,0.39837,0.08943,0.51220,16.09091,20.04762,21.65306,0.00000,2
615,0.24390,0.30081,0.45528,25.94595,18.85714,15.93333,0.62500,2
616,0.42188,0.36719,0.21094,21.65957,16.07407,17.38889,0.50000,1
617,0.13043,0.60870,0.26087,23.40000,12.26667,14.26667,1.00000,1
618,0.05769,0.48077,0.46154,23.04000,13.66667,18.00000,1.00000,1
619,0.19048,0.46825,0.34127,20.52542,4.13953,14.91667,1.00000,1
620,0.64394,0.12879,0.22727,20.52941,11.30000,24.17647,0.16670,2
621,0.15385,0.21154,0.63462,20.63636,16.21212,10.12500,1.00000,1
622,0.17797,0.50847,0.31356,26.18333,15.10811,17.04762,0.80000,1
623,0.30075,0.41353,0.28571,23.36364,12.36842,21.35000,0.45450,1
624,0.17544,0.54386,0.28070,25.09677,8.93750,17.30000,1.00000,0
625,0.17273,0.32727,0.50000,21.63889,18.56364,18.26316,0.28570,1
626,0.11382,0.71545,0.17073,22.65909,9.00000,11.64286,1.00000,0
627,0.29508,0.18852,0.51639,24.08696,21.80952,19.94444,0.42860,1
628,0.10236,0.65354,0.24409,26.53012,14.90323,12.15385,1.00000,1
629,0.10317,0.65079,0.24603,23.52439,11.22581,16.23077,1.00000,1
630,0.17778,0.28148,0.54074,19.42105,12.54795,19.41667,0.00000,1
631,0.49600,0.21600,0.28800,29.25926,14.33333,17.58065,0.57140,2
632,0.49630,0.15556,0.34815,14.14286,9.72340,18.74627,0.00000,2
633,0.61111,0.12963,0.25926,25.71429,17.46429,26.84848,0.22220,2
634,0.58140,0.17829,0.24031,18.34783,10.77419,18.76000,0.50000,2
635,0.48182,0.21818,0.30000,20.08333,10.75758,21.22642,0.00000,2
636,0.17073,0.54472,0.28455,21.62687,11.48571,16.47619,1.00000,1
637,0.46667,0.12593,0.40741,17.82353,16.29091,17.46032,0.00000,2
638,0.52381,0.08730,0.38889,22.63636,10.91837,20.13636,0.33330,2
639,0.47794,0.22794,0.29412,24.64516,10.55000,22.83077,0.44440,2
640,0.46154,0.17094,0.36752,21.00000,14.18605,22.25926,0.20000,2
641,0.47445,0.13869,0.38686,21.57895,15.18868,19.86154,0.40000,2
642,0.53030,0.09848,0.37121,18.30769,14.63265,19.87143,0.66670,2
643,0.15000,0.43333,0.41667,23.36538,13.42000,16.05556,0.66670,2
644,0.19355,0.45968,0.34677,25.21053,16.32558,19.91667,0.70000,1
645,0.53279,0.21311,0.25410,22.88462,16.70968,18.24615,0.50000,2
646,0.09375,0.25000,0.65625,27.43750,17.16667,11.66667,0.66670,1
647,0.20000,0.55385,0.24615,21.38889,13.12500,15.46154,1.00000,1
648,0.37430,0.20112,0.42458,22.66667,17.59211,18.79104,0.33330,1
649,0.36441,0.22034,0.41525,29.00000,18.71429,24.25581,0.50000,1
650,0.26718,0.46565,0.26718,25.21311,10.37143,18.62857,0.80000,1
651,0.29412,0.51261,0.19328,23.09836,7.91304,14.80000,1.00000,2
652,0.28324,0.23699,0.47977,21.80488,18.15663,23.10204,0.42860,1
653,0.23333,0.56667,0.20000,24.55882,13.58333,18.60714,1.00000,1
654,0.39344,0.28689,0.31967,26.82857,19.48718,20.91667,0.44440,1
655,0.52857,0.10000,0.37143,12.42857,7.69231,14.75676,0.00000,2
656,0.11450,0.80916,0.07634,24.25472,14.50000,17.00000,1.00000,1
657,0.50394,0.14961,0.34646,25.21053,12.72727,22.29688,0.20000,2
658,0.46847,0.17117,0.36036,23.47368,16.22500,21.01923,0.16670,2
659,0.05755,0.86331,0.07914,22.36667,9.18182,20.37500,0.90910,0
660,0.08065,0.81452,0.10484,20.88119,7.46154,12.90000,1.00000,0
661,0.36449,0.32710,0.30841,20.48571,8.45455,16.97436,1.00000,1
662,0.15517,0.65517,0.18966,24.90789,15.18182,16.11111,1.00000,0
663,0.11364,0.49242,0.39394,20.75385,13.21154,12.46667,1.00000,0
664,0.10370,0.71111,0.18519,22.61458,19.36000,18.00000,0.71430,0
665,0.07377,0.85246,0.07377,26.18269,13.55556,20.33333,1.00000,0
666,0.12857,0.17857,0.69286,22.48000,19.67010,19.27778,0.20000,1
667,0.07865,0.47753,0.44382,23.82353,15.03797,16.50000,1.00000,0
668,0.11905,0.70635,0.17460,23.65169,14.86364,16.73333,0.88890,0
669,0.10687,0.28244,0.61069,24.45946,22.10000,19.14286,0.50000,0
670,0.11304,0.57391,0.31304,27.42424,19.30556,14.69231,0.92310,0
671,0.05172,0.74138,0.20690,18.65116,3.08333,11.66667,1.00000,0
672,0.20000,0.46400,0.33600,28.87931,18.95238,19.48000,0.76920,1
673,0.44882,0.14961,0.40157,20.57895,13.41176,25.63158,0.18180,2
674,0.38053,0.28319,0.33628,24.90625,17.36842,23.11628,0.37500,2
675,0.11811,0.26772,0.61417,29.67647,18.91026,18.33333,0.80000,1
676,0.17886,0.43089,0.39024,28.16981,21.89583,22.63636,0.55000,1
677,0.35714,0.30159,0.34127,16.07895,13.67442,19.84444,0.33330,2
678,0.44882,0.26772,0.28346,20.26471,12.25000,17.94737,0.66670,2
679,0.33071,0.17323,0.49606,26.86364,15.44444,22.35714,0.60000,2
680,0.39130,0.21014,0.39855,25.03448,13.20000,17.85185,0.71430,1
681,0.72566,0.09735,0.17699,14.45455,11.35000,25.29268,0.00000,2
682,0.58678,0.13223,0.28099,24.12500,12.88235,21.47887,0.25000,2
683,0.20000,0.37600,0.42400,22.57447,17.41509,20.64000,0.20000,0
684,0.07273,0.54545,0.38182,30.53333,20.47619,25.25000,0.85710,0
685,0.12994,0.38418,0.48588,22.22059,16.11628,16.69565,0.33330,1
686,0.29197,0.32847,0.37956,20.26667,12.01923,21.42500,0.50000,1
687,0.19259,0.54815,0.25926,19.32432,10.68571,19.07692,1.00000,1
688,0.24576,0.09322,0.66102,26.90909,16.01282,24.93103,0.38460,1
689,0.34375,0.10938,0.54688,37.07143,15.65714,21.90909,0.42860,1
690,0.32164,0.18713,0.49123,24.06250,15.79762,19.34545,0.25000,1
691,0.37569,0.23757,0.38674,24.83721,15.81429,19.47059,0.50000,1
692,0.37190,0.42149,0.20661,27.74510,17.04000,24.84444,0.78570,1
693,0.27869,0.26230,0.45902,31.68750,20.14286,21.88235,0.50000,1
694,0.25000,0.13462,0.61538,32.28571,14.50000,11.76923,1.00000,1
695,0.05455,0.56364,0.38182,30.77419,20.04762,24.00000,0.85710,1
696,0.32000,0.36000,0.32000,22.11111,11.02500,16.60000,1.00000,1
697,0.33600,0.34400,0.32000,28.60465,10.72500,18.73810,0.42860,1
698,0.14179,0.67164,0.18657,21.03333,10.76000,14.05263,1.00000,1
699,0.26154,0.46154,0.27692,27.86667,12.72222,19.61765,0.77780,1
700,0.20290,0.31159,0.48551,21.83721,12.68657,15.57143,0.33330,1
701,0.20325,0.36585,0.43089,20.64444,19.37736,18.72000,0.36360,1
702,0.33571,0.32857,0.33571,23.34783,7.04255,17.08511,1.00000,1
703,0.20000,0.53333,0.26667,20.05556,13.83333,18.55556,0.60000,1
704,0.05172,0.53448,0.41379,19.03226,10.66667,9.33333,1.00000,0
705,0.08527,0.83721,0.07752,21.03704,14.40000,14.45455,1.00000,0
706,0.22835,0.44094,0.33071,22.01786,14.35714,16.89655,0.66670,1
707,0.19469,0.32743,0.47788,25.10811,15.16667,20.22727,0.75000,1
708,0.05691,0.54472,0.39837,30.22388,18.12245,20.57143,0.90910,1
709,0.09167,0.16667,0.74167,24.90000,16.62921,14.72727,0.11110,1
710,0.08621,0.56897,0.34483,14.21212,17.90000,9.40000,0.00000,1
711,0.24219,0.46875,0.28906,22.18333,9.64865,13.93548,1.00000,1
712,0.32331,0.12782,0.54887,19.70588,14.83562,19.72093,0.40000,1
713,0.35714,0.48413,0.15873,20.19672,12.25000,18.13333,0.66670,1
714,0.31200,0.37600,0.31200,22.95745,17.97436,20.23077,0.75000,2
715,0.28846,0.23077,0.48077,25.45833,15.54000,23.43333,0.40000,1
716,0.18605,0.13953,0.67442,26.50000,16.51724,21.66667,0.27270,2
717,0.21678,0.11888,0.66434,17.94118,12.44211,12.70968,0.00000,1
718,0.44094,0.22835,0.33071,19.55172,15.23810,18.03571,0.50000,1
719,0.19084,0.31298,0.49618,21.02439,12.23077,13.40000,1.00000,1
720,0.42276,0.15447,0.42276,16.26316,17.63462,18.50000,0.00000,1
721,0.16296,0.40741,0.42963,26.85455,14.25862,21.00000,0.62500,1
722,0.10769,0.47692,0.41538,27.87097,16.18519,19.85714,0.77780,0
723,0.29600,0.25600,0.44800,26.40625,14.85714,21.02703,1.00000,2
724,0.32540,0.17460,0.50000,22.36364,15.79365,20.51220,0.75000,2
725,0.18440,0.34752,0.46809,23.55102,17.34848,16.80769,0.50000,2
726,0.23485,0.30303,0.46212,23.17500,19.90164,23.41935,0.80000,1
727,0.10891,0.75248,0.13861,28.76316,8.21429,12.27273,0.90910,0
728,0.20879,0.31868,0.47253,24.05172,13.32558,21.78947,0.75000,1
729,0.19328,0.26891,0.53782,25.18750,20.50000,22.13043,0.33330,1
730,0.18966,0.37069,0.43966,19.83721,17.43137,19.90909,0.50000,1
731,0.16296,0.28889,0.54815,17.92308,14.87838,17.63636,0.00000,1
732,0.31609,0.27586,0.40805,24.64583,16.08451,20.18182,0.41670,1
733,0.52033,0.15447,0.32520,20.26316,13.85000,18.68750,0.28570,2
734,0.50746,0.17164,0.32090,15.52174,16.51163,20.07353,0.00000,2
735,0.41803,0.04098,0.54098,25.20000,18.68182,17.56863,0.33330,2
736,0.42969,0.18750,0.38281,19.45833,15.02041,18.61818,0.20000,1
737,0.27419,0.25000,0.47581,28.45161,15.33898,17.85294,1.00000,1
738,0.39370,0.27559,0.33071,19.20000,18.54762,17.78000,0.66670,1
739,0.04615,0.67692,0.27692,25.06818,16.16667,15.33333,0.88890,0
740,0.49206,0.09524,0.41270,18.83333,13.26923,18.12903,0.00000,1
741,0.12389,0.45133,0.42478,19.50980,8.72917,11.42857,1.00000,2
742,0.22963,0.28889,0.48148,21.71795,18.03077,16.90323,0.50000,1
743,0.17692,0.26923,0.55385,22.62857,16.25000,20.00000,0.25000,1
744,0.20635,0.26984,0.52381,30.14706,15.22727,18.76923,1.00000,1
745,0.37121,0.19697,0.43182,23.34615,13.96491,16.83673,0.71430,1
746,0.30075,0.34586,0.35338,24.95652,13.74468,21.72500,0.37500,1
747,0.44444,0.25397,0.30159,26.03125,12.76316,23.51786,0.55560,1
748,0.16667,0.45000,0.38333,21.28395,13.73913,13.60000,0.50000,0
749,0.51613,0.09677,0.38710,32.33333,15.16667,18.51562,0.40000,1
750,0.06667,0.66667,0.26667,24.03750,8.43750,15.37500,1.00000,1
751,0.28148,0.38519,0.33333,23.28846,13.00000,16.34211,0.50000,2
752,0.39024,0.35772,0.25203,23.11364,12.54839,21.16667,0.55560,1
753,0.55474,0.09489,0.35036,19.76923,13.18750,20.72368,0.25000,1
754,0.22314,0.39669,0.38017,25.22917,13.17391,15.74074,1.00000,1
755,0.32812,0.17969,0.49219,21.69565,15.88889,20.85714,0.11110,0
756,0.17323,0.38583,0.44094,26.81633,15.39286,17.27273,0.55560,1
757,0.15574,0.50820,0.33607,25.85484,14.02439,12.52632,1.00000,1
758,0.41667,0.23333,0.35000,26.25000,18.16667,29.86000,0.22220,2
759,0.13462,0.46154,0.40385,20.87500,9.85714,19.28571,1.00000,1
760,0.30337,0.26404,0.43258,26.78723,17.68831,23.38889,0.53330,1
761,0.12143,0.67857,0.20000,23.49474,12.21429,20.88235,0.87500,1
762,0.23333,0.46667,0.30000,28.67857,15.97222,20.96429,0.90000,1
763,0.12069,0.41379,0.46552,19.50000,10.22222,18.57143,1.00000,1
764,0.25556,0.24444,0.50000,25.00000,19.95556,23.65217,0.37500,1
765,0.23200,0.18400,0.58400,29.30435,17.10959,21.62069,0.57140,1
766,0.13333,0.63333,0.23333,20.88158,10.46429,15.25000,1.00000,1
767,0.07627,0.69492,0.22881,19.20732,10.22222,9.55556,0.66670,0
768,0.05469,0.50000,0.44531,23.12500,17.05263,15.42857,0.80000,0
769,0.07563,0.90756,0.01681,26.50926,-4.00000,17.22222,1.00000,0
770,0.05455,0.78182,0.16364,28.30233,14.44444,33.33333,1.00000,0
771,0.04286,0.83571,0.12143,22.51282,5.76471,8.66667,1.00000,0
772,0.07453,0.83851,0.08696,21.73333,9.14286,14.16667,1.00000,0
773,0.09848,0.73485,0.16667,23.10309,15.36364,17.84615,1.00000,0
774,0.06767,0.57143,0.36090,20.31579,11.54167,13.33333,0.80000,0
775,0.09231,0.72308,0.18462,25.68085,10.91667,17.00000,1.00000,0
776,0.06250,0.71875,0.21875,24.89130,10.60714,19.37500,0.85710,0
777,0.10326,0.74457,0.15217,21.59854,9.46429,12.78947,0.87500,0
778,0.04615,0.86923,0.08462,20.86726,-0.27273,4.83333,1.00000,0
779,0.10526,0.73684,0.15789,22.38095,4.77778,18.50000,1.00000,0
780,0.03846,0.78846,0.17308,21.24390,6.66667,13.50000,1.00000,0
781,0.06504,0.82927,0.10569,24.40196,15.30769,18.87500,1.00000,0
782,0.11511,0.82734,0.05755,23.51304,-0.87500,18.93750,1.00000,0
783,0.11029,0.12500,0.76471,26.23529,16.77885,19.73333,0.50000,0
784,0.14493,0.20290,0.65217,18.78571,14.95556,14.70000,0.25000,0
785,0.15135,0.40000,0.44865,24.66216,14.74699,18.00000,1.00000,0
786,0.09600,0.69600,0.20800,26.26437,12.88462,15.91667,1.00000,0
787,0.23134,0.34328,0.42537,19.36957,10.87719,20.12903,1.00000,0
788,0.19149,0.38830,0.42021,26.67123,19.84810,22.55556,0.53330,0
789,0.20635,0.38095,0.41270,26.89583,15.44231,18.57692,0.80000,0
790,0.14525,0.06704,0.78771,20.66667,17.19858,14.30769,0.00000,0
791,0.19549,0.13534,0.66917,26.33333,13.24719,14.23077,0.00000,0
792,0.18519,0.37963,0.43519,22.21951,13.76596,15.20000,0.50000,0
793,0.05469,0.71875,0.22656,19.84783,14.31034,18.42857,0.83330,0
794,0.19685,0.54331,0.25984,21.78261,12.00000,14.28000,1.00000,0
795,0.09375,0.63281,0.27344,23.45679,13.28571,12.58333,1.00000,0
796,0.12214,0.62595,0.25191,26.85366,17.66667,19.56250,0.85710,0
797,0.10853,0.41860,0.47287,26.81481,15.21311,14.85714,1.00000,0
798,0.10870,0.23913,0.65217,19.03030,14.51111,18.46667,0.66670,0
799,0.07368,0.82632,0.10000,20.66242,5.78947,12.78571,1.00000,0
800,0.12169,0.47090,0.40741,21.76404,14.58442,14.69565,0.85710,0
801,0.13187,0.53297,0.33516,24.44330,13.78689,16.45833,0.75000,0
802,0.18939,0.36364,0.44697,22.91667,7.74576,18.00000,0.75000,0
803,0.20588,0.41176,0.38235,24.96429,16.50000,14.14286,1.00000,0
804,0.12030,0.53383,0.34586,24.57746,13.67391,13.56250,0.62500,0
805,0.15873,0.40476,0.43651,20.35294,14.07273,10.90000,0.33330,0
806,0.06154,0.76923,0.16923,17.97000,9.68182,12.87500,1.00000,0
807,0.13281,0.50781,0.35938,25.92308,16.56522,14.41176,1.00000,0
808,0.03077,0.23077,0.73846,19.66667,16.75000,20.00000,0.33330,0
809,0.24242,0.29545,0.46212,26.28205,16.96721,20.93750,0.66670,1
810,0.25373,0.20896,0.53731,24.64286,12.69444,16.88235,0.20000,1
811,0.11111,0.47863,0.41026,23.32143,13.08333,14.69231,1.00000,1
812,0.14685,0.44755,0.40559,27.67188,15.15517,18.80952,0.72730,1
813,0.10870,0.52899,0.36232,18.87671,9.26000,13.46667,0.50000,1
814,0.24460,0.38129,0.37410,26.96226,14.50000,17.73529,0.75000,1
815,0.18841,0.26087,0.55072,31.86111,21.15789,23.26923,0.61540,1
816,0.20312,0.46094,0.33594,24.69492,18.97674,15.53846,0.71430,1
817,0.55224,0.05970,0.38806,22.62500,21.26923,24.37838,0.00000,1
818,0.20325,0.37398,0.42276,26.76087,15.53846,21.00000,0.60000,1
819,0.11570,0.52066,0.36364,21.76190,6.18182,19.21429,1.00000,0
820,0.25000,0.31818,0.43182,22.85714,13.73684,15.57576,0.75000,1
821,0.26667,0.40833,0.32500,27.91837,13.12821,18.12500,1.00000,1
822,0.18095,0.55238,0.26667,28.15517,17.50000,17.42105,0.71430,0
823,0.11594,0.20290,0.68116,22.17857,17.67021,14.56250,0.40000,1
824,0.17647,0.41176,0.41176,23.48214,13.50000,23.79167,0.53850,1
825,0.17355,0.55372,0.27273,27.64179,16.27273,15.19048,0.87500,1
826,0.16667,0.32609,0.50725,18.44444,18.68571,16.08696,0.25000,1
827,0.16154,0.39231,0.44615,18.98039,13.43103,20.71429,0.00000,1
828,0.15873,0.63492,0.20635,26.35000,13.61538,18.15000,1.00000,0
829,0.15267,0.62595,0.22137,23.40244,11.55172,19.70000,0.87500,0
830,0.12397,0.63636,0.23967,25.97403,11.93103,17.13333,1.00000,0
831,0.08800,0.05600,0.85600,22.57143,20.31776,20.36364,0.00000,0
832,0.09143,0.60571,0.30286,23.17925,16.98113,20.50000,0.63640,0
833,0.35772,0.39024,0.25203,23.66667,12.80645,15.18182,0.66670,1
834,0.27559,0.13386,0.59055,19.76471,19.88000,15.51429,0.00000,1
835,0.08772,0.63158,0.28070,21.36111,13.06250,23.20000,1.00000,0
836,0.16667,0.56522,0.26812,28.30769,17.81081,19.13043,0.83330,1
837,0.17829,0.50388,0.31783,20.95385,12.17073,19.30435,0.66670,0
838,0.07258,0.67742,0.25000,25.07143,11.03226,9.22222,1.00000,1
839,0.23664,0.39695,0.36641,24.59615,12.02083,21.93548,0.66670,1
840,0.16667,0.17460,0.65873,19.50000,20.90361,17.57143,0.00000,1
841,0.29060,0.23077,0.47863,22.44444,20.19643,21.55882,0.00000,2
842,0.44000,0.20800,0.35200,25.80769,21.72727,25.14545,0.27270,2
843,0.11702,0.39362,0.48936,19.74324,14.28261,15.00000,0.60000,1
844,0.14844,0.50781,0.34375,28.26154,17.09091,16.42105,0.66670,2
845,0.10853,0.72093,0.17054,23.22581,13.63636,18.50000,1.00000,2
846,0.25000,0.41912,0.33088,27.89474,13.80000,17.88235,0.75000,2
847,0.19549,0.60150,0.20301,26.47500,11.14815,17.30769,1.00000,2
848,0.27119,0.37853,0.35028,25.94030,19.77419,22.02083,0.61540,1
849,0.05738,0.59016,0.35246,23.43056,16.86047,16.71429,0.71430,2
850,0.12698,0.49206,0.38095,23.20968,14.60417,11.81250,1.00000,2
851,0.15328,0.54015,0.30657,24.64865,5.71429,16.57143,1.00000,2
852,0.12598,0.47244,0.40157,22.20000,11.74510,11.12500,1.00000,1
853,0.17500,0.34167,0.48333,30.87805,18.06897,20.28571,0.58330,2
854,0.44928,0.15217,0.39855,20.52381,12.98182,21.24194,0.50000,2
855,0.28455,0.26016,0.45528,24.21875,19.50000,23.68571,0.75000,1
856,0.32787,0.25410,0.41803,21.45161,17.37255,24.07500,0.09090,2
857,0.14607,0.29775,0.55618,25.24528,19.65657,20.92308,0.44440,2
858,0.14729,0.43411,0.41860,27.78571,16.40741,23.42105,0.62500,2
859,0.11538,0.32308,0.56154,24.71429,15.95890,20.06667,0.70000,2
860,0.29839,0.33065,0.37097,26.36585,20.65217,25.72973,0.50000,2
861,0.16807,0.32773,0.50420,24.82051,14.31667,16.30000,0.66670,2
862,0.20000,0.16923,0.63077,16.77273,18.80488,18.11538,0.25000,2
863,0.34921,0.20635,0.44444,16.80769,15.44643,21.90909,0.00000,2
864,0.29060,0.15385,0.55556,23.05556,21.20000,19.58824,0.20000,2
865,0.22581,0.39516,0.37903,17.34694,12.70213,18.78571,0.50000,2
866,0.40800,0.29600,0.29600,24.64865,11.35135,17.09804,0.75000,1
867,0.36232,0.15217,0.48551,16.76190,10.77612,15.32000,1.00000,0
868,0.24818,0.29197,0.45985,19.82500,11.04762,17.88235,1.00000,0
869,0.20000,0.47500,0.32500,25.94737,16.00000,17.29167,0.66670,0
870,0.07143,0.41270,0.51587,18.65385,18.03077,13.66667,0.50000,0
871,0.36364,0.21488,0.42149,17.11538,16.56863,18.13636,0.00000,1
872,0.41135,0.28369,0.30496,26.62500,15.53488,23.62069,0.46150,1
873,0.06923,0.73846,0.19231,20.96875,8.84000,12.88889,1.00000,0
874,0.12593,0.52593,0.34815,24.91549,16.06383,23.52941,0.71430,1
875,0.27737,0.18978,0.53285,22.26923,16.86301,18.76316,0.80000,1
876,0.17742,0.59677,0.22581,24.22973,13.82143,19.09091,0.70000,1
877,0.42400,0.16000,0.41600,20.40000,17.98077,21.09434,0.00000,1
878,0.20149,0.27612,0.52239,25.16216,12.88571,18.66667,0.50000,1
879,0.19167,0.51667,0.29167,26.90323,15.42857,21.39130,0.85710,1
880,0.11940,0.46269,0.41791,24.04839,18.53571,21.25000,0.60000,1
881,0.12057,0.46809,0.41135,21.90909,9.74138,14.52941,1.00000,1
882,0.10294,0.51471,0.38235,26.97143,10.88462,14.14286,1.00000,0
883,0.12821,0.41026,0.46154,27.14583,20.81481,23.80000,0.44440,1
884,0.22881,0.40678,0.36441,25.14583,18.79070,20.62963,0.66670,1
885,0.12593,0.32593,0.54815,20.40909,9.90541,12.35294,1.00000,1
886,0.12230,0.57554,0.30216,20.30000,8.59524,7.11765,1.00000,0
887,0.38571,0.10000,0.51429,17.92857,17.01389,21.22222,0.00000,2
888,0.14394,0.50000,0.35606,21.28788,16.68085,15.52632,0.50000,1
889,0.19853,0.25735,0.54412,27.22857,13.35135,22.85185,1.00000,1
890,0.15748,0.44094,0.40157,18.94643,15.49020,17.90000,0.66670,1
891,0.25806,0.34677,0.39516,27.00000,19.04082,18.68750,0.60000,1
892,0.46094,0.18750,0.35156,22.91667,12.73333,19.40678,0.33330,1
893,0.36090,0.27068,0.36842,14.30556,15.57143,19.60417,0.50000,2
894,0.13115,0.69672,0.17213,21.17647,4.19048,16.12500,1.00000,1
895,0.14599,0.35766,0.49635,21.73469,16.41176,15.10000,0.85710,0
896,0.15217,0.43478,0.41304,26.98333,13.80702,19.09524,1.00000,1
897,0.20423,0.38732,0.40845,20.43636,5.74138,12.89655,1.00000,1
898,0.19512,0.43902,0.36585,25.77778,14.80000,15.79167,0.80000,1
899,0.33058,0.32231,0.34711,23.69231,14.78571,17.22500,0.33330,1
900,0.15873,0.45238,0.38889,26.08772,13.79592,15.90000,0.66670,1
901,0.05556,0.69841,0.24603,25.98864,9.74194,16.57143,1.00000,0
902,0.06618,0.27941,0.65441,22.34211,17.48315,13.55556,0.60000,0
903,0.18713,0.63743,0.17544,22.11927,12.93333,15.18750,0.88890,0
904,0.04082,0.63265,0.32653,32.22581,21.43750,24.50000,1.00000,0
905,0.30070,0.06993,0.62937,15.20000,18.68889,20.74419,0.00000,1
906,0.18391,0.37931,0.43678,23.19697,11.81579,14.90625,1.00000,1
907,0.07937,0.45503,0.46561,24.31395,14.38636,15.53333,0.62500,1
908,0.12698,0.53175,0.34127,23.79104,18.00000,19.93750,0.57140,1
909,0.53846,0.06154,0.40000,8.62500,10.13462,21.51429,0.00000,1
910,0.32414,0.24138,0.43448,23.20000,10.14286,17.95745,0.60000,2
911,0.15447,0.25203,0.59350,28.77419,15.75342,16.31579,0.50000,2
912,0.12097,0.42742,0.45161,22.41509,14.51786,10.20000,0.80000,0
913,0.12644,0.60920,0.26437,22.50000,11.78261,12.50000,0.88890,0
914,0.10317,0.71429,0.18254,23.03333,9.43478,15.61538,1.00000,1
915,0.23016,0.50794,0.26190,26.85938,13.51515,17.58621,0.90910,1
916,0.16949,0.52542,0.30508,22.85484,15.52778,17.65000,0.66670,1
917,0.20339,0.52542,0.27119,23.22581,13.71875,14.41667,1.00000,1
918,0.29268,0.39024,0.31707,24.60417,12.58974,16.77778,1.00000,1
919,0.29921,0.35433,0.34646,18.62222,14.90909,17.65789,0.00000,1
920,0.39167,0.32500,0.28333,23.74359,16.02941,25.29787,0.50000,2
921,0.12000,0.72000,0.16000,25.16667,7.15000,12.33333,1.00000,0
922,0.10870,0.39130,0.50000,24.18519,17.88406,23.06667,0.71430,0
923,0.14844,0.53906,0.31250,21.76812,12.22500,17.42105,0.75000,0
924,0.09167,0.75833,0.15000,25.03297,11.27778,16.27273,1.00000,0
925,0.17647,0.66176,0.16176,26.95556,7.50000,17.66667,1.00000,0
926,0.15447,0.54472,0.30081,26.56716,13.40541,16.89474,0.90000,0
927,0.10687,0.77099,0.12214,18.24752,7.25000,15.07143,1.00000,0
928,0.07692,0.76923,0.15385,22.11000,16.35000,13.70000,1.00000,0
929,0.07692,0.83846,0.08462,21.25688,3.45455,12.00000,1.00000,0
930,0.05882,0.86029,0.08088,21.50427,10.00000,11.00000,1.00000,0
931,0.06015,0.48120,0.45865,26.45312,17.98361,13.62500,0.76920,0
932,0.21374,0.58779,0.19847,23.77922,8.23077,18.92857,1.00000,2
933,0.13600,0.62400,0.24000,26.57692,12.46667,15.29412,1.00000,1
934,0.20290,0.36232,0.43478,22.24000,10.08333,19.57143,0.50000,1
935,0.55303,0.12121,0.32576,24.62500,12.44186,20.86301,0.50000,2
936,0.51562,0.14844,0.33594,26.68421,5.53488,19.71212,0.75000,2
937,0.52846,0.23577,0.23577,22.86207,10.06897,19.46154,0.66670,2
938,0.50820,0.19672,0.29508,28.04167,17.75000,21.29032,0.75000,2
939,0.55462,0.16807,0.27731,23.30000,11.48485,19.15152,0.75000,2
940,0.32759,0.32759,0.34483,17.31579,11.50000,16.57895,0.00000,1
941,0.44860,0.32710,0.22430,26.82857,20.41667,20.12500,0.83330,1
942,0.18400,0.56000,0.25600,22.70000,12.62500,21.39130,1.00000,1
943,0.56618,0.14706,0.28676,15.40000,10.38462,17.83117,0.25000,0
944,0.25185,0.35556,0.39259,24.89583,15.92453,19.58824,0.66670,1
945,0.13433,0.65672,0.20896,25.95455,13.14286,14.55556,1.00000,0
946,0.31579,0.39850,0.28571,22.49057,12.65789,19.66667,0.60000,1
947,0.63281,0.07812,0.28906,33.00000,19.05405,30.46914,0.15000,2
948,0.68800,0.08000,0.23200,12.40000,9.37931,23.30233,0.00000,2
949,0.63704,0.11852,0.24444,21.12500,16.51515,23.26744,0.16670,2
950,0.65385,0.19231,0.15385,16.40000,8.12500,18.05882,1.00000,2
951,0.57944,0.13084,0.28972,15.35714,10.41935,16.20968,1.00000,2
952,0.56835,0.10072,0.33094,10.00000,12.54348,21.46835,0.00000,2
953,0.66423,0.11679,0.21898,20.56250,12.73333,20.79121,0.33330,2
954,0.63025,0.04202,0.32773,28.80000,16.71795,21.82667,0.33330,2
955,0.57724,0.02439,0.39837,11.33333,16.40816,25.32394,0.00000,2
956,0.64762,0.18095,0.17143,24.84211,21.33333,27.95588,0.20000,2
957,0.59854,0.09489,0.30657,14.69231,7.76190,20.21951,0.00000,2
958,0.67742,0.04839,0.27419,21.00000,14.02941,24.04762,0.00000,2
959,0.28125,0.15625,0.56250,28.15000,18.54167,21.11111,0.33330,2
960,0.21986,0.50355,0.27660,28.60563,20.87179,20.35484,0.87500,0
961,0.20161,0.46774,0.33065,23.27586,10.75610,16.44000,1.00000,0
962,0.42162,0.31351,0.26486,22.60345,9.34694,19.24359,0.62500,0
963,0.60305,0.16031,0.23664,18.42857,12.03226,21.60759,0.16670,1
964,0.48438,0.17969,0.33594,24.91304,16.44186,21.62903,0.66670,2
965,0.67797,0.04237,0.27966,18.60000,17.12121,21.40000,0.16670,2
966,0.61207,0.05172,0.33621,31.50000,14.41026,27.19718,0.22220,2
967,0.68000,0.12000,0.20000,20.13333,15.80000,24.80000,0.00000,2
968,0.09605,0.19209,0.71186,24.11765,15.30159,12.94118,0.33330,0
969,0.12195,0.27642,0.60163,27.17647,17.95946,13.46667,0.40000,0
970,0.23077,0.65385,0.11538,23.98824,7.80000,19.20000,1.00000,0
971,0.20472,0.51969,0.27559,28.10606,13.40000,22.23077,0.88890,2
972,0.36364,0.18182,0.45455,17.54167,9.91667,18.52083,0.00000,1
973,0.42077,0.26776,0.31148,23.77551,13.42105,23.19481,0.50000,1
974,0.06989,0.09677,0.83333,21.94444,18.67742,13.76923,0.28570,0
975,0.26016,0.26016,0.47967,25.90625,18.03390,17.21875,0.70000,1
976,0.58042,0.09790,0.32168,20.92857,11.63043,22.21687,0.25000,2
977,0.60800,0.08800,0.30400,14.18182,11.92105,21.02632,0.00000,2
978,0.62185,0.10084,0.27731,20.08333,12.69697,20.85135,0.28570,2
979,0.41379,0.22414,0.36207,21.23077,10.95238,15.33333,1.00000,1
980,0.33333,0.30081,0.36585,30.81081,16.71111,22.70732,0.75000,1
981,0.40164,0.22951,0.36885,22.28571,15.44444,22.87755,0.25000,2
982,0.56557,0.24590,0.18852,25.10000,16.95652,22.73913,0.75000,2
983,0.46667,0.13333,0.40000,36.06250,16.52083,19.92857,0.44440,1
984,0.40299,0.06716,0.52985,14.44444,12.85915,17.44444,0.00000,2
985,0.16541,0.41353,0.42105,20.49091,14.98214,20.68182,0.25000,0
986,0.16667,0.33333,0.50000,29.15000,16.93333,19.45000,0.66670,1
987,0.36735,0.18367,0.44898,32.88889,26.40909,28.55556,0.40000,1
988,0.46032,0.21429,0.32540,21.74074,11.97561,16.31034,1.00000,1
989,0.52023,0.10983,0.36994,29.15789,15.00000,21.34444,0.36360,1
990,0.52500,0.19167,0.28333,21.60870,12.58824,21.01587,0.50000,1
991,0.54783,0.06957,0.38261,25.37500,11.09091,17.25397,0.40000,1
992,0.36538,0.40385,0.23077,22.09524,9.08333,20.26316,1.00000,1
993,0.23636,0.53636,0.22727,26.96610,17.88000,22.61538,1.00000,1
994,0.22460,0.57219,0.20321,26.10280,13.73684,15.54762,1.00000,0
995,0.55639,0.17293,0.27068,20.52174,13.97222,21.86486,0.30000,1
996,0.55000,0.18333,0.26667,29.13636,15.59375,25.18182,0.40000,1
997,0.60606,0.13636,0.25758,24.33333,15.00000,21.87500,0.20000,1
998,0.66667,0.06349,0.26984,22.75000,14.91176,22.61905,0.16670,1
999,0.60156,0.14062,0.25781,26.94444,15.12121,23.72727,0.42860,1
1000,0.60714,0.17857,0.21429,17.40000,10.08333,17.70588,0.00000,1
1001,0.12057,0.27660,0.60284,23.33333,10.43529,14.05882,0.50000,0
1002,0.15000,0.08333,0.76667,15.10000,19.09783,13.77778,0.00000,0
1003,0.30370,0.00741,0.68889,2.00000,22.88172,24.85366,0.00000,0
1004,0.07353,0.26471,0.66176,24.72222,18.65556,19.30000,0.58330,0
1005,0.13043,0.08696,0.78261,21.16667,18.87963,16.00000,0.00000,1
1006,0.12687,0.44030,0.43284,25.49153,16.18966,17.23529,0.50000,1
1007,0.17500,0.29167,0.53333,30.65714,15.17188,19.71429,0.72730,0
1008,0.10400,0.24800,0.64800,21.54839,13.93827,12.61538,0.50000,0
1009,0.07317,0.65854,0.26829,22.54321,14.33333,15.44444,0.90000,0
1010,0.13333,0.29744,0.56923,20.50000,14.57658,15.88462,1.00000,0
1011,0.10734,0.31073,0.58192,28.09091,22.90291,23.21053,0.43750,1
1012,0.08943,0.37398,0.53659,21.32609,14.16667,14.81818,0.80000,0
1013,0.06977,0.58140,0.34884,25.76000,16.48889,14.00000,0.77780,0
1014,0.28226,0.33065,0.38710,17.58537,19.04167,17.14286,0.00000,0
1015,0.07031,0.62500,0.30469,29.22500,13.56410,19.88889,1.00000,0
1016,0.11811,0.74803,0.13386,26.71579,9.88235,16.20000,1.00000,0
1017,0.12500,0.59722,0.27778,17.79070,14.55000,16.55556,1.00000,0
1018,0.19048,0.40476,0.40476,30.60784,16.43137,21.62500,0.87500,0
1019,0.20192,0.53846,0.25962,29.21429,19.66667,19.00000,0.83330,0
1020,0.25197,0.22047,0.52756,32.85714,17.17910,19.59375,0.44440,0
1021,0.18657,0.27612,0.53731,22.83784,16.44444,18.48000,0.50000,1
1022,0.16260,0.13008,0.70732,27.62500,16.98851,20.10000,0.60000,0
1023,0.24603,0.37302,0.38095,19.57447,12.70833,19.96774,0.33330,0
1024,0.10448,0.52985,0.36567,23.60563,13.26531,15.57143,1.00000,0
1025,0.11667,0.46667,0.41667,25.25000,18.92000,17.42857,0.60000,0
1026,0.09231,0.46923,0.43846,28.45902,17.17544,17.50000,0.70000,0
1027,0.08649,0.39459,0.51892,21.31507,23.75000,14.12500,0.40000,0
1028,0.13008,0.47154,0.39837,31.41379,12.95918,16.68750,1.00000,0
1030,0.13934,0.35246,0.50820,18.60465,16.80645,14.11765,1.00000,0
1031,0.16800,0.16800,0.66400,19.85714,19.01205,16.19048,0.33330,0
1032,0.17273,0.21818,0.60909,27.75000,21.20896,28.15789,0.50000,1
1033,0.21094,0.15625,0.63281,26.95000,17.53086,16.25926,0.25000,0
1034,0.28169,0.28169,0.43662,16.55000,16.64516,14.95000,0.00000,0
1035,0.25197,0.04724,0.70079,18.00000,20.85393,21.40625,0.00000,1
1036,0.37815,0.12605,0.49580,20.80000,14.77966,18.53333,1.00000,1
1037,0.20192,0.40385,0.39423,32.97619,22.87805,22.19048,0.42860,1
1039,0.12800,0.03200,0.84000,24.00000,21.10476,19.37500,0.00000,0
1040,0.24812,0.15038,0.60150,29.05000,19.40000,19.42424,0.50000,0
1041,0.24615,0.22308,0.53077,29.37931,14.55072,19.62500,0.57140,1
1042,0.34328,0.25373,0.40299,21.02941,11.74074,18.58696,0.50000,1
1043,0.08475,0.26554,0.64972,35.27660,20.02609,13.80000,0.76470,2
1044,0.10833,0.63333,0.25833,22.05263,10.83871,15.15385,1.00000,0
1045,0.15556,0.28148,0.56296,23.47368,13.02632,17.00000,0.33330,1
1046,0.12097,0.72581,0.15323,19.22222,9.52632,11.86667,1.00000,0
1047,0.11811,0.59843,0.28346,19.59211,9.50000,17.26667,1.00000,1
1048,0.05714,0.62857,0.31429,21.90909,12.75000,18.75000,0.83330,0
1049,0.33858,0.22047,0.44094,30.07143,13.19643,23.88372,0.72730,0
1050,0.42400,0.10400,0.47200,16.23077,16.01695,20.28302,0.50000,1
1051,0.06897,0.77586,0.15517,17.32222,12.66667,11.37500,1.00000,0
1052,0.14050,0.52893,0.33058,30.21875,9.85000,19.35294,1.00000,0
1053,0.05512,0.59843,0.34646,25.53947,16.72727,13.71429,0.83330,0
1054,0.27869,0.31967,0.40164,31.41026,20.95918,21.17647,0.66670,1
1055,0.28358,0.17164,0.54478,29.47826,16.73973,20.73684,0.42860,1
1056,0.39823,0.13274,0.46903,19.06667,17.18868,21.33333,0.00000,2
1057,0.30159,0.34127,0.35714,28.48837,15.57778,20.78947,0.76920,1
1058,0.26016,0.18699,0.55285,23.04348,18.25000,17.12500,0.57140,1
1059,0.60571,0.10857,0.28571,21.36842,12.88000,21.36792,0.10000,0
1060,0.24031,0.25581,0.50388,30.27273,22.27692,22.48387,0.75000,0
1061,0.32727,0.14545,0.52727,24.56250,16.60345,16.66667,0.00000,1
1062,0.17213,0.60656,0.22131,18.52703,10.85185,13.61905,1.00000,0
1063,0.26957,0.44348,0.28696,27.33333,20.63636,23.77419,0.63640,0
1064,0.39437,0.09859,0.50704,18.42857,14.94444,17.10714,0.00000,1
1065,0.37681,0.16667,0.45652,29.00000,14.36508,19.13462,0.66670,1
1066,0.41477,0.07386,0.51136,27.07692,16.17778,19.65753,0.42860,1
1067,0.22059,0.32353,0.45588,21.68182,21.16129,20.53333,0.66670,1
1068,0.18349,0.05505,0.76147,22.16667,21.65060,19.90000,0.00000,1
1069,0.30882,0.14706,0.54412,30.05000,14.40541,19.85714,0.71430,1
1070,0.19048,0.26190,0.54762,36.03030,15.13043,18.41667,0.90000,1
1071,0.13178,0.32558,0.54264,23.50000,22.74286,16.70588,0.50000,0
1072,0.14286,0.19549,0.66165,29.84615,18.47727,16.05263,0.50000,1
1073,0.24476,0.09091,0.66434,24.84615,10.74737,18.34286,0.50000,0
1074,0.15748,0.46457,0.37795,20.59322,18.93750,18.55000,0.66670,0
1075,0.31250,0.16406,0.52344,31.80952,17.11940,23.70000,0.42860,1
1076,0.32394,0.42254,0.25352,18.63333,10.94444,16.95652,1.00000,0
1077,0.18310,0.32394,0.49296,20.30435,18.60000,14.53846,0.00000,1
1078,0.17073,0.50407,0.32520,20.29032,9.25000,13.61905,1.00000,0
1079,0.20455,0.32576,0.46970,27.00000,17.69355,20.92593,0.70000,1
1080,0.17757,0.46729,0.35514,23.26000,14.39474,16.21053,0.00000,1
1081,0.24812,0.29323,0.45865,32.33333,22.90164,25.72727,0.64290,1
1082,0.23932,0.29915,0.46154,34.94286,18.22222,15.39286,0.73330,1
1083,0.37313,0.24627,0.38060,21.33333,14.80392,22.88000,0.28570,1
1084,0.18261,0.10435,0.71304,24.16667,15.23171,19.47619,0.25000,1
1085,0.21667,0.37500,0.40833,30.46667,19.38776,19.88462,0.72220,0
1086,0.26168,0.19626,0.54206,33.66667,18.48276,21.78571,0.83330,1
1087,0.28788,0.17424,0.53788,23.43478,17.95775,21.00000,0.80000,1
1088,0.12174,0.40000,0.47826,22.63043,15.29091,15.00000,1.00000,0
1089,0.22835,0.36220,0.40945,27.95652,17.51923,22.48276,0.85710,1
1090,0.08772,0.64912,0.26316,22.13514,10.06667,14.20000,1.00000,0
1091,0.14286,0.53968,0.31746,24.47059,10.15000,6.11111,1.00000,1
1092,0.38281,0.27344,0.34375,29.37143,13.75000,20.85714,0.70000,1
1093,0.28689,0.30328,0.40984,25.37838,15.04000,20.17143,0.75000,1
1094,0.40341,0.12500,0.47159,18.04545,11.77108,14.14085,0.25000,1
1095,0.34127,0.29365,0.36508,24.21622,13.19565,18.32558,0.60000,0
1096,0.22481,0.17054,0.60465,26.09091,18.39744,17.24138,0.25000,1
1097,0.39344,0.22951,0.37705,18.10714,13.26087,20.20833,0.00000,1
1098,0.10744,0.37190,0.52066,25.44444,16.36508,17.61538,0.60000,1
1099,0.23200,0.48000,0.28800,22.00000,14.16667,18.55172,1.00000,0
1100,0.25000,0.31944,0.43056,20.17391,10.87097,22.44444,1.00000,1
1101,0.31429,0.10000,0.58571,21.57143,15.10976,16.09091,0.20000,0
1102,0.33898,0.13559,0.52542,21.50000,18.25806,19.30000,0.00000,1
1103,0.38889,0.15741,0.45370,19.17647,19.12245,25.26190,0.00000,0
1104,0.46032,0.09524,0.44444,11.08333,12.30357,21.06897,0.00000,1
1105,0.22807,0.04386,0.72807,18.60000,18.48193,20.80769,0.00000,0
1106,0.28800,0.20000,0.51200,22.84000,16.29688,17.33333,0.50000,0
1107,0.23881,0.16418,0.59701,22.22727,14.55000,18.78125,0.33330,1
1108,0.25564,0.23308,0.51128,21.83871,16.73529,18.38235,0.66670,0
1109,0.12791,0.23837,0.63372,26.85366,15.58716,17.50000,0.60000,2
1110,0.04918,0.68033,0.27049,26.27711,15.30303,17.00000,1.00000,0
1111,0.12500,0.17647,0.69853,26.62500,15.72632,14.52941,0.57140,0
1112,0.16154,0.36923,0.46923,19.14583,18.67213,17.66667,0.50000,0
1113,0.13433,0.37313,0.49254,28.70000,18.57576,21.27778,0.75000,1
1114,0.14400,0.24000,0.61600,21.76667,15.18182,18.72222,0.66670,0
1115,0.29577,0.33803,0.36620,22.20833,16.30769,16.66667,0.50000,1
1116,0.25210,0.31092,0.43697,22.43243,21.32692,22.40000,0.40000,1
1117,0.20513,0.25641,0.53846,24.63333,15.12698,17.16667,0.50000,0
1118,0.19008,0.42149,0.38843,26.33333,18.17021,18.04348,0.80000,1
1119,0.28448,0.11207,0.60345,20.46154,19.32857,21.66667,0.00000,1
1120,0.26471,0.27941,0.45588,25.47368,16.93548,24.00000,0.66670,0
1121,0.19380,0.12403,0.68217,23.50000,14.90909,15.88000,0.33330,1
1122,0.09402,0.15385,0.75214,32.05556,20.28409,18.90909,0.33330,1
1123,0.13393,0.62500,0.24107,20.08571,20.25926,21.06667,0.50000,0
1124,0.32847,0.13139,0.54015,22.27778,18.16216,20.33333,0.25000,0
1125,0.26429,0.25714,0.47857,27.41667,17.01493,20.24324,0.42860,0
1126,0.14074,0.21481,0.64444,22.24138,13.74713,20.52632,0.66670,1
1127,0.11475,0.34426,0.54098,22.64286,8.22727,15.71429,1.00000,0
1128,0.22464,0.47101,0.30435,25.50769,10.54762,16.74194,1.00000,0
1129,0.12500,0.56618,0.30882,22.20779,15.19048,15.82353,0.62500,0
1130,0.13714,0.33714,0.52571,28.59322,15.04348,13.33333,0.80000,1
1131,0.15267,0.21374,0.63359,30.00000,17.97590,17.20000,1.00000,0
1132,0.18852,0.31148,0.50000,26.07895,16.36066,15.91304,0.85710,0
1133,0.25758,0.49242,0.25000,18.64615,14.39394,22.79412,0.75000,0
1134,0.23622,0.25984,0.50394,24.51515,18.20312,19.43333,0.71430,0
1135,0.19380,0.22481,0.58140,19.96552,17.58667,14.96000,0.25000,1
1136,0.23387,0.16129,0.60484,26.45000,17.04000,18.55172,0.33330,1
1137,0.11111,0.27778,0.61111,26.35000,11.93182,19.12500,1.00000,1
1138,0.21970,0.21970,0.56061,25.79310,17.59459,16.96552,0.25000,1
1139,0.15873,0.31746,0.52381,16.50000,18.60606,14.60000,0.00000,1
1140,0.15267,0.52672,0.32061,27.43478,18.73810,20.35000,0.71430,0
1141,0.38017,0.24793,0.37190,21.36667,18.66667,22.15217,0.33330,0
1142,0.28099,0.23140,0.48760,24.64286,13.23729,19.50000,0.62500,0
1144,0.44037,0.21101,0.34862,30.34783,23.26316,24.45833,0.44440,0
1145,0.36508,0.22222,0.41270,20.92857,13.19231,19.21739,0.66670,1
1146,0.16667,0.42063,0.41270,21.75472,8.01923,14.09524,1.00000,2
1147,0.14912,0.32456,0.52632,32.56757,19.23333,18.70588,0.81820,0
1148,0.31852,0.20000,0.48148,22.14815,17.44615,18.53488,0.40000,1
1149,0.19492,0.26271,0.54237,23.77419,21.64062,23.30435,0.40000,1
1150,0.38168,0.22137,0.39695,24.44828,15.63462,18.00000,0.50000,2
1151,0.17699,0.46903,0.35398,20.22642,16.65000,17.00000,0.33330,0
1152,0.21739,0.50435,0.27826,24.39655,12.68750,12.56000,0.85710,0
1153,0.27350,0.05983,0.66667,25.85714,16.55128,21.40625,0.20000,1
1154,0.22535,0.26761,0.50704,21.94737,10.80556,17.75000,1.00000,1
1155,0.29577,0.25352,0.45070,17.50000,16.37500,14.61905,1.00000,1
1156,0.32061,0.22137,0.45802,23.34483,10.50000,16.23810,1.00000,2
1157,0.20106,0.23810,0.56085,28.93333,18.00943,21.50000,0.45450,1
1158,0.14286,0.14286,0.71429,21.94444,16.63333,16.05556,0.33330,0
1159,0.13934,0.59836,0.26230,28.87671,15.00000,15.70588,1.00000,0
1160,0.32812,0.14062,0.53125,23.16667,14.11765,18.73810,0.66670,1
1161,0.25217,0.33043,0.41739,26.52632,13.70833,18.79310,1.00000,1
1162,0.13287,0.32168,0.54545,23.67391,17.19231,19.05263,0.71430,1
1163,0.31683,0.21782,0.46535,23.68182,23.68085,27.71875,0.12500,2
1164,0.53933,0.16854,0.29213,18.50000,15.30769,20.09375,0.25000,2
1165,0.40476,0.12698,0.46825,17.93750,13.54237,14.90196,0.00000,1
1166,0.47802,0.07143,0.45055,18.76923,18.90244,20.18391,0.09090,1
1167,0.20567,0.37589,0.41844,30.45283,17.79661,19.27586,0.83330,0
1168,0.37615,0.29358,0.33028,23.56250,15.11111,22.58537,0.75000,1
1169,0.34043,0.14184,0.51773,17.55000,15.47945,18.68750,0.25000,1
1170,0.37681,0.20290,0.42029,18.92857,14.13793,15.63462,0.66670,1
1171,0.33824,0.13971,0.52206,23.21053,12.67606,21.08696,0.25000,1
1172,0.53968,0.23810,0.22222,26.51111,17.07143,20.55882,0.75000,2
1173,0.16667,0.39815,0.43519,27.06977,13.61702,22.50000,0.66670,1
1174,0.45736,0.14729,0.39535,30.05263,13.80392,22.25424,0.50000,1
1175,0.24812,0.15038,0.60150,30.70000,14.80000,16.24242,0.80000,1
1176,0.35714,0.12143,0.52143,38.70588,22.82192,25.12000,0.53850,2
1177,0.42963,0.20000,0.37037,25.62963,15.88000,20.82759,0.20000,1
1178,0.10606,0.16667,0.72727,22.45455,15.29167,13.85714,0.50000,1
1179,0.34722,0.19444,0.45833,18.14286,13.03030,20.84000,1.00000,1
1180,0.34532,0.26619,0.38849,21.27027,6.25926,16.35417,1.00000,1
1181,0.38318,0.14953,0.46729,28.31250,17.94000,24.53659,0.36360,1
1182,0.22059,0.22059,0.55882,27.73333,19.28947,19.46667,0.66670,1
1183,0.16043,0.35294,0.48663,22.37879,15.18681,20.00000,0.80000,1
1184,0.39706,0.25000,0.35294,22.76471,19.54167,21.66667,0.33330,2
1185,0.22143,0.20714,0.57143,16.86207,14.78750,21.16129,0.66670,1
1186,0.16000,0.32800,0.51200,24.39024,16.04688,20.80000,0.72730,0
1187,0.28030,0.31818,0.40152,24.21429,14.35849,19.18919,0.83330,1
1188,0.40323,0.05645,0.54032,27.14286,18.74627,21.54000,0.14290,1
1189,0.39583,0.20833,0.39583,23.02500,13.57895,18.82895,1.00000,1
1190,0.17164,0.08209,0.74627,23.27273,22.76000,22.47826,0.00000,1
1191,0.37903,0.20161,0.41935,20.20000,22.15385,22.63830,0.12500,1
1192,0.15385,0.23077,0.61538,33.33333,17.82500,12.80000,0.54550,1
1193,0.33333,0.25683,0.40984,25.31915,16.18667,19.44262,0.70000,2
1194,0.37600,0.20800,0.41600,25.53846,10.46154,17.02128,0.66670,1
1195,0.14286,0.42857,0.42857,26.33333,19.16667,21.06250,0.55560,1
1196,0.20000,0.17600,0.62400,26.77273,16.43590,15.96000,0.60000,1
1197,0.33071,0.24409,0.42520,30.32258,13.48148,20.14286,0.83330,0
1198,0.36585,0.16260,0.47154,22.55000,13.60345,19.82222,0.25000,2
1199,0.21488,0.40496,0.38017,27.24490,17.80435,19.30769,0.63640,1
1200,0.37500,0.30357,0.32143,23.85294,21.30556,21.76190,0.40000,1
1201,0.15873,0.20106,0.64021,25.86842,16.71901,21.76667,0.50000,1
1202,0.27200,0.13600,0.59200,19.11765,14.14865,21.50000,0.33330,1
1203,0.16279,0.52713,0.31008,20.32353,16.12500,20.52381,0.33330,1
1204,0.49618,0.12977,0.37405,18.70588,19.02041,21.36923,0.30000,2
1205,0.41121,0.18692,0.40187,25.45000,15.95349,21.31818,0.66670,1
1206,0.31897,0.18103,0.50000,31.66667,19.01724,22.08108,0.33330,1
1207,0.07207,0.90090,0.02703,19.12000,4.33333,18.50000,1.00000,0
1208,0.17188,0.61719,0.21094,20.45570,8.81481,15.77273,1.00000,1
1209,0.15789,0.54737,0.29474,25.62500,10.69643,14.50000,0.83330,1
1210,0.40217,0.32065,0.27717,27.61017,11.56863,19.74324,0.90000,1
1211,0.31405,0.31405,0.37190,22.63158,14.88889,17.47368,1.00000,2
1212,0.40336,0.12605,0.47059,29.86667,15.03571,21.85417,0.66670,1
1213,0.28169,0.36620,0.35211,27.19231,10.20000,17.25000,1.00000,1
1214,0.24409,0.07874,0.67717,27.40000,19.97674,18.93548,0.16670,1
1215,0.26891,0.07563,0.65546,15.55556,20.16667,21.56250,0.20000,2
1216,0.21739,0.04348,0.73913,27.33333,17.58824,16.00000,0.00000,2
1217,0.25547,0.19708,0.54745,24.25926,14.24000,20.85714,0.75000,1
1218,0.34375,0.35156,0.30469,24.62222,12.17949,14.84091,0.66670,2
1219,0.21368,0.23077,0.55556,35.11111,18.66154,20.16000,0.80000,1
1220,0.16190,0.42857,0.40952,29.82222,17.90698,17.52941,0.83330,2
1221,0.24615,0.16923,0.58462,30.54545,17.36842,21.62500,0.33330,2
1222,0.17557,0.14504,0.67939,25.68421,23.53933,25.82609,0.15380,1
1223,0.36413,0.45109,0.18478,23.34940,12.11765,23.59701,0.55560,2
1224,0.27068,0.27068,0.45865,19.94444,15.37705,16.63889,0.00000,1
1225,0.29457,0.26357,0.44186,13.35294,12.03509,19.97368,0.33330,2
1226,0.38624,0.07407,0.53968,31.85714,15.31373,22.68493,0.25000,1
1227,0.23944,0.09859,0.66197,27.85714,14.31915,16.35294,1.00000,2
1228,0.19008,0.43802,0.37190,22.86792,18.28889,18.43478,0.70000,1
1229,0.11364,0.71970,0.16667,19.71579,8.00000,11.80000,1.00000,2
1230,0.21978,0.32967,0.45055,19.90000,21.53659,18.65000,0.25000,1
1231,0.15789,0.31579,0.52632,15.50000,15.12857,16.90476,1.00000,2
1232,0.11765,0.45378,0.42857,26.96296,15.11765,21.28571,0.83330,1
1233,0.11927,0.25688,0.62385,30.14286,15.44118,18.84615,0.42860,2
1234,0.13115,0.18033,0.68852,31.81818,22.05952,16.06250,0.50000,1
1235,0.18321,0.32061,0.49618,17.21429,11.92308,16.25000,1.00000,2
1236,0.21705,0.54264,0.24031,25.20000,9.77419,15.32143,1.00000,1
1237,0.22314,0.15702,0.61983,19.52632,15.49333,16.81481,0.50000,1
1238,0.20769,0.26154,0.53077,22.70588,9.88406,20.00000,0.50000,2
1239,0.46667,0.05000,0.48333,24.50000,11.62069,22.14286,0.00000,1
1240,0.25806,0.41129,0.33065,28.11765,12.87805,22.65625,0.75000,1
1241,0.27350,0.07692,0.64957,23.33333,17.85526,18.25000,0.33330,1
1242,0.20301,0.39098,0.40602,22.57692,16.37037,25.48148,0.62500,2
1243,0.18548,0.44355,0.37097,23.43636,12.17391,22.69565,0.66670,1
1244,0.14074,0.66667,0.19259,25.30000,16.23077,19.84211,1.00000,2
1245,0.19708,0.18978,0.61314,23.23077,18.01190,16.00000,0.50000,2
1246,0.13178,0.55814,0.31008,16.61111,10.27500,10.23529,1.00000,1
1247,0.03279,0.73770,0.22951,20.70000,9.46429,12.75000,0.66670,2
1248,0.18023,0.16279,0.65698,24.96429,19.49558,19.35484,0.40000,2
1249,0.16154,0.26154,0.57692,26.58824,13.70667,16.61905,1.00000,1
1250,0.11628,0.54264,0.34109,24.01429,19.97727,15.60000,0.55560,1
1251,0.23256,0.33721,0.43023,19.13793,18.24324,20.62500,0.40000,2
1252,0.12500,0.08929,0.78571,31.70000,18.44318,19.14286,0.20000,1
1253,0.12931,0.18103,0.68966,22.14286,14.53750,16.26667,0.66670,1
1254,0.15789,0.38346,0.45865,31.41176,18.31148,18.90476,0.90000,2
1255,0.30833,0.09167,0.60000,18.81818,15.43056,24.64865,0.25000,2
1256,0.25714,0.37143,0.37143,27.30769,20.84615,21.33333,0.42860,2
1258,0.19549,0.08271,0.72180,28.09091,20.07292,25.34615,0.00000,2
1259,0.22137,0.38931,0.38931,26.07843,12.78431,19.41379,1.00000,2
1260,0.28169,0.25352,0.46479,23.11111,15.90909,18.30000,1.00000,2
1261,0.09735,0.01770,0.88496,33.00000,18.02000,16.45455,0.00000,1
1262,0.12782,0.36090,0.51128,20.62500,7.44118,18.70588,0.00000,0
1263,0.14789,0.22535,0.62676,20.78125,9.65169,16.57143,0.50000,0
1264,0.37500,0.27500,0.35000,23.63636,12.47619,17.64444,1.00000,0
1265,0.08088,0.09559,0.82353,25.38462,22.07143,14.36364,0.14290,0
1266,0.13821,0.25203,0.60976,21.93548,14.85333,15.47059,0.75000,2
1267,0.38235,0.29412,0.32353,23.45000,19.54545,20.84615,0.66670,1
1268,0.27350,0.08547,0.64103,40.30000,18.29333,18.31250,0.30000,2
1269,0.27551,0.23980,0.48469,18.87234,13.02105,18.61111,0.66670,1
1270,0.27907,0.17054,0.55039,19.45455,16.64789,18.58333,0.66670,2
1271,0.35000,0.24167,0.40833,25.51724,15.51020,13.59524,0.50000,1
1272,0.20455,0.59091,0.20455,22.70513,13.62963,19.03704,1.00000,2
1273,0.31008,0.37984,0.31008,25.32653,15.47500,19.45000,0.60000,1
1274,0.14504,0.51908,0.33588,25.63235,16.15909,19.10526,1.00000,2
1275,0.17647,0.25735,0.56618,26.14286,17.84416,16.41667,0.71430,1
1276,0.15909,0.31061,0.53030,20.29268,17.25714,16.23810,0.00000,2
1277,0.11811,0.61417,0.26772,23.47436,15.79412,22.46667,0.77780,2
1278,0.21239,0.45133,0.33628,22.78431,14.78947,16.20833,1.00000,0
1279,0.31579,0.13158,0.55263,26.13333,20.73016,21.27778,0.50000,1
1280,0.34921,0.30952,0.34127,24.92308,12.76744,18.22727,0.75000,1
1281,0.16260,0.58537,0.25203,22.43056,11.74194,15.05000,0.66670,1
1282,0.69886,0.03409,0.26705,19.50000,11.27660,18.83740,0.14290,0
1283,0.19512,0.36585,0.43902,28.77778,14.51852,17.87500,0.60000,1
1284,0.12030,0.33083,0.54887,23.54545,18.46575,17.25000,0.33330,0
1285,0.16522,0.09565,0.73913,25.54545,14.87059,16.47368,1.00000,1
1286,0.32759,0.05172,0.62069,22.50000,21.41667,21.28947,0.00000,2
1287,0.15385,0.42308,0.42308,29.27273,18.16364,23.15000,0.60000,1
1288,0.17829,0.38760,0.43411,28.48000,10.62500,18.00000,0.80000,2
1289,0.40541,0.10811,0.48649,39.08333,19.66667,27.02222,0.45450,1
1290,0.08182,0.40000,0.51818,21.40909,12.89474,18.22222,0.50000,2
1291,0.22656,0.19531,0.57812,26.16000,19.67568,23.44828,0.50000,1
1292,0.34746,0.32203,0.33051,27.44737,16.35897,22.29268,0.80000,2
1293,0.19811,0.37736,0.42453,30.40000,24.08889,21.95238,0.80000,1
1294,0.19828,0.45690,0.34483,25.66038,16.67500,17.60870,0.77780,1
1295,0.34959,0.11382,0.53659,21.50000,17.06061,20.11628,0.40000,1
1296,0.31061,0.27273,0.41667,23.05556,16.94545,19.97561,0.40000,2
1297,0.39683,0.31746,0.28571,25.27500,19.05556,21.44000,0.60000,0
1298,0.19658,0.22222,0.58120,29.07692,16.54412,20.60870,0.71430,1
1299,0.25954,0.22137,0.51908,24.03448,16.45588,21.11765,0.37500,0
1300,0.09859,0.60563,0.29577,19.81395,7.80952,10.57143,1.00000,2
1301,0.20455,0.46970,0.32576,25.79032,12.97674,13.00000,1.00000,0
1302,0.34921,0.19048,0.46032,24.66667,15.20690,16.04545,1.00000,2
1303,0.22222,0.31944,0.45833,24.65217,11.57576,16.00000,1.00000,0
1304,0.34545,0.43636,0.21818,30.39583,20.50000,23.52632,0.75000,1
1305,0.14407,0.22881,0.62712,21.62963,20.81081,19.11765,0.00000,2
1306,0.31325,0.20482,0.48193,20.14706,16.98750,18.01923,0.00000,2
1307,0.14961,0.70866,0.14173,24.47778,17.72222,17.00000,0.83330,2
1308,0.33945,0.03670,0.62385,17.25000,18.97059,15.08108,0.00000,1
1309,0.33077,0.25385,0.41538,24.15152,15.44444,21.09302,0.50000,2
1310,0.25600,0.20800,0.53600,21.00000,17.94030,16.68750,0.33330,0
1311,0.09524,0.14286,0.76190,16.88889,20.40625,17.08333,0.00000,1
1312,0.39316,0.37607,0.23077,27.77273,17.03704,22.63043,0.58330,0
1313,0.31538,0.16154,0.52308,24.71429,19.30882,18.41463,0.28570,2
1314,0.06767,0.44361,0.48872,30.25424,19.00000,25.66667,0.80000,0
1315,0.23438,0.22656,0.53906,24.31034,13.24638,16.60000,1.00000,2
1316,0.09524,0.64286,0.26190,26.92593,12.63636,17.91667,0.93750,1
1317,0.35211,0.18310,0.46479,14.61538,13.63636,18.00000,0.00000,2
1318,0.26590,0.55491,0.17919,23.06250,16.25806,19.19565,0.77780,1
1319,0.06250,0.67969,0.25781,25.42529,14.45455,17.75000,0.87500,0
1320,0.18797,0.21053,0.60150,34.60714,17.87500,21.96000,0.54550,1
1321,0.08759,0.27737,0.63504,19.31579,11.20690,12.08333,0.33330,1
1322,0.19231,0.40000,0.40769,29.03846,22.37736,22.04000,0.55560,2
1323,0.15702,0.35537,0.48760,28.76744,24.01695,22.84211,0.57140,2
1324,0.32061,0.29008,0.38931,30.71053,13.84314,24.26190,0.50000,2
1325,0.22963,0.48148,0.28889,28.95385,14.58974,17.29032,1.00000,2
1326,0.19048,0.24603,0.56349,32.06452,20.57746,16.54167,0.63640,2
1327,0.22396,0.36458,0.41146,25.62857,15.63291,19.44186,0.87500,2
1328,0.09160,0.67176,0.23664,30.46591,19.74194,19.00000,0.94120,0
1329,0.06250,0.83594,0.10156,19.64486,11.07692,9.12500,1.00000,1
1330,0.18333,0.13333,0.68333,24.37500,16.02439,18.86364,0.66670,0
1331,0.31132,0.55660,0.13208,25.76271,12.85714,23.18182,0.85710,0
1332,0.30435,0.18841,0.50725,20.50000,13.95714,18.14286,0.40000,1
1333,0.13571,0.12857,0.73571,18.83333,12.05825,16.52632,0.50000,1
1334,0.22727,0.10606,0.66667,28.71429,23.01136,23.93333,0.00000,2
1335,0.11667,0.47500,0.40833,18.98246,11.42857,10.85714,1.00000,2
1336,0.35200,0.15200,0.49600,30.00000,18.98387,23.38636,0.50000,1
1337,0.37500,0.42969,0.19531,24.94545,13.00000,19.68750,0.80000,2
1338,0.18254,0.45238,0.36508,22.35088,18.47826,19.78261,0.75000,1
1339,0.32353,0.22059,0.45588,17.80000,14.25806,14.40909,0.00000,2
1340,0.43182,0.32576,0.24242,26.67442,13.90625,18.75439,0.90910,2
1341,0.37594,0.20301,0.42105,16.62963,12.53571,22.40000,0.50000,2
1342,0.30986,0.63380,0.05634,17.22222,9.00000,15.22727,1.00000,1
1343,0.30534,0.62595,0.06870,21.32927,10.44444,23.50000,0.75000,2
1344,0.20354,0.51327,0.28319,22.31034,23.46875,17.39130,0.50000,1
1345,0.23200,0.22400,0.54400,19.64286,17.44118,13.24138,0.33330,2
1346,0.32593,0.20741,0.46667,25.00000,16.25397,20.00000,0.55560,1
1347,0.39683,0.29365,0.30952,25.56757,16.12821,19.38000,0.80000,2
1348,0.50459,0.13761,0.35780,20.53333,13.33333,21.89091,0.25000,0
1349,0.16393,0.54098,0.29508,26.84848,10.61111,18.05000,1.00000,2
1351,0.44444,0.30370,0.25185,20.68293,9.44118,17.03333,0.50000,2
1352,0.27193,0.48246,0.24561,28.07273,15.92857,20.38710,0.81820,2
1353,0.34167,0.31667,0.34167,16.76316,17.39024,21.00000,0.00000,1
1354,0.16667,0.49167,0.34167,29.64407,14.09756,20.95000,0.90000,2
1355,0.17692,0.13077,0.69231,28.00000,16.62222,20.65217,0.40000,1
1356,0.45312,0.02344,0.52344,20.00000,19.13433,20.81034,0.00000,0
1357,0.45299,0.20513,0.34188,25.29167,12.32500,18.01887,0.75000,1
1358,0.22764,0.58537,0.18699,24.47222,11.65217,17.50000,1.00000,1
1359,0.30769,0.29060,0.40171,23.97059,17.19149,18.77778,0.60000,2
1360,0.18898,0.04724,0.76378,13.16667,24.19588,15.41667,0.00000,1
1361,0.35211,0.16901,0.47887,23.33333,12.23529,15.76000,0.00000,2
1362,0.24000,0.30400,0.45600,21.81579,13.15789,18.83333,0.50000,2
1363,0.40000,0.10000,0.50000,21.00000,14.16923,20.92308,0.50000,2
1364,0.16667,0.16667,0.66667,25.77273,15.96591,21.04545,0.20000,2
1365,0.35294,0.08824,0.55882,12.16667,16.76316,13.16667,0.00000,2
1366,0.43548,0.08871,0.47581,6.09091,14.94915,21.59259,0.00000,0
1367,0.21168,0.58394,0.20438,30.13750,13.35714,21.00000,0.83330,1
1368,0.28972,0.48598,0.22430,25.42308,16.45833,27.74194,0.70000,2
1369,0.30986,0.38028,0.30986,22.51852,12.63636,19.13636,1.00000,2
1370,0.40936,0.30994,0.28070,26.52830,16.00000,20.51429,0.50000,2
1371,0.31183,0.21505,0.47312,28.95000,15.80682,23.41379,0.57140,2
1372,0.26984,0.61376,0.11640,22.52586,12.81818,17.50980,0.66670,1
1373,0.08955,0.82090,0.08955,24.79091,6.41667,21.41667,1.00000,0
1374,0.06154,0.58462,0.35385,19.46053,16.60870,19.50000,1.00000,1
1375,0.27941,0.51471,0.20588,24.05714,16.71429,20.78947,0.87500,1
1376,0.27419,0.28226,0.44355,26.77143,16.74545,15.88235,0.83330,2
1377,0.14286,0.50000,0.35714,24.32143,16.32500,19.25000,1.00000,0
1378,0.26050,0.63025,0.10924,21.24000,5.76923,20.96774,1.00000,2
1379,0.14400,0.42400,0.43200,26.73585,18.27778,16.22222,0.70000,0
1380,0.51977,0.11299,0.36723,19.90000,19.52308,24.09783,0.10000,2
1381,0.30400,0.29600,0.40000,22.83784,15.78000,22.39474,1.00000,2
1382,0.35000,0.32143,0.32857,24.86667,14.19565,19.65306,0.80000,2
1383,0.27692,0.29231,0.43077,28.00000,21.23214,22.69444,0.66670,2
1384,0.16535,0.51181,0.32283,26.10769,14.36585,21.80952,0.88890,2
1385,0.31496,0.40157,0.28346,22.88235,16.58333,19.97500,0.75000,2
1387,0.32331,0.48120,0.19549,19.32812,9.30769,14.69767,1.00000,2
1388,0.18452,0.07143,0.74405,28.00000,19.90400,19.96774,0.20000,2
1389,0.43820,0.25843,0.30337,25.60870,13.68519,18.61538,0.75000,2
1390,0.15104,0.77604,0.07292,24.66443,8.42857,17.41379,0.93750,1
1391,0.15942,0.63768,0.20290,20.81818,11.50000,12.90909,1.00000,2
1392,0.21705,0.31008,0.47287,28.22500,17.47541,22.71429,0.53850,1
1393,0.20661,0.66116,0.13223,23.18750,8.75000,14.64000,1.00000,0
1394,0.33588,0.13740,0.52672,32.66667,16.39130,25.31818,0.75000,0
1395,0.10811,0.65766,0.23423,27.04110,20.42308,25.66667,0.75000,0
1396,0.15574,0.54098,0.30328,22.39394,7.13514,17.78947,0.80000,0
1397,0.14173,0.54331,0.31496,23.23188,12.05000,18.33333,0.77780,0
1398,0.29508,0.39344,0.31148,27.83333,20.71053,23.33333,0.50000,0
1399,0.15909,0.31061,0.53030,25.02439,14.17143,17.04762,1.00000,0
1400,0.17424,0.39394,0.43182,25.75000,14.96491,18.73913,1.00000,0
1401,0.26364,0.40909,0.32727,20.20000,12.91667,16.31034,0.50000,0
1402,0.28571,0.32773,0.38655,24.76923,15.97826,22.02941,0.57140,1
1403,0.24031,0.45736,0.30233,28.30508,12.87179,20.67742,0.77780,0
1404,0.06944,0.54167,0.38889,17.56410,14.57143,22.40000,0.00000,1
1405,0.43333,0.15000,0.41667,13.66667,19.82000,20.61538,0.00000,0
1406,0.17518,0.64234,0.18248,25.15909,18.08000,15.66667,0.90000,2
1407,0.46512,0.04651,0.48837,32.33333,16.26984,24.50000,0.25000,1
1408,0.09774,0.78195,0.12030,18.69231,16.31250,20.38462,1.00000,1
1409,0.27143,0.20000,0.52857,24.14286,15.10811,21.73684,1.00000,2
1410,0.41270,0.12169,0.46561,13.78261,14.64773,16.14103,0.25000,2
1411,0.26316,0.34211,0.39474,26.79487,13.71111,19.26667,0.71430,0
1412,0.31944,0.19444,0.48611,27.14286,13.34286,15.56522,1.00000,2
1413,0.18519,0.25926,0.55556,34.45714,18.26667,21.72000,0.69230,2
1414,0.15966,0.23529,0.60504,23.35714,20.90278,22.52632,0.16670,1
1415,0.38095,0.33333,0.28571,19.04762,11.44444,20.16667,0.00000,2
1416,0.28571,0.40476,0.30952,20.17647,13.25641,17.16667,0.50000,0
1417,0.10606,0.04545,0.84848,21.33333,16.25893,17.78571,0.00000,2
1418,0.14062,0.23438,0.62500,21.76667,18.07500,20.11111,0.50000,1
1419,0.25137,0.32787,0.42077,24.53333,18.03896,21.82609,0.40000,2
1420,0.18539,0.37640,0.43820,22.65672,17.74359,20.45455,0.53850,2
1421,0.16071,0.45536,0.38393,29.27451,21.23256,22.83333,0.66670,2
1422,0.14634,0.23577,0.61789,16.41379,14.75000,15.77778,0.50000,0
1423,0.23256,0.31008,0.45736,29.22500,18.94915,19.13333,0.63640,1
1424,0.15385,0.13077,0.71538,31.35294,15.13978,18.00000,1.00000,2
1425,0.37719,0.25439,0.36842,24.10345,12.50000,25.34884,0.37500,2
1426,0.17647,0.07353,0.75000,21.80000,20.56863,23.58333,0.33330,1
1427,0.18462,0.23077,0.58462,22.90000,16.51316,24.29167,0.37500,2
1428,0.09630,0.65926,0.24444,20.67416,7.51515,12.23077,1.00000,0
1429,0.28972,0.18692,0.52336,31.10000,18.39286,19.00000,0.50000,2
1430,0.15504,0.65116,0.19380,18.40476,14.56000,15.60000,0.75000,2
1431,0.22561,0.21951,0.55488,26.19444,20.12088,18.35135,0.55560,2
1432,0.08088,0.09559,0.82353,19.00000,19.33929,18.63636,0.20000,2
1433,0.22131,0.15574,0.62295,20.63158,16.59211,14.44444,0.42860,1
1434,0.12977,0.29771,0.57252,29.66667,17.73333,17.29412,0.54550,2
1435,0.58594,0.05469,0.35938,21.14286,9.45652,17.06667,0.16670,2
1436,0.17553,0.45745,0.36702,26.46512,13.92754,16.75758,0.75000,1
1437,0.32812,0.11719,0.55469,22.53333,21.28169,24.52381,0.25000,1
1438,0.38462,0.11538,0.50000,22.26667,18.52308,21.06000,0.20000,1
1439,0.12605,0.32773,0.54622,32.38462,17.63077,16.33333,0.54550,2
1440,0.30159,0.34127,0.35714,27.55814,14.75556,17.71053,1.00000,2
1441,0.31452,0.17742,0.50806,27.09091,13.31746,18.48718,0.33330,1
1442,0.25000,0.29032,0.45968,29.19444,12.35088,19.35484,0.80000,1
1443,0.24113,0.46099,0.29787,20.84615,13.09524,17.00000,0.83330,2
1444,0.13298,0.18085,0.68617,22.85294,10.94574,16.28000,0.62500,2
1445,0.20863,0.18705,0.60432,19.84615,17.79762,18.00000,0.37500,2
1446,0.12143,0.53571,0.34286,20.48000,11.54167,16.41176,1.00000,2
1447,0.39344,0.25410,0.35246,29.35484,14.04651,20.06250,0.80000,2
1448,0.56061,0.09848,0.34091,24.38462,16.51111,24.47297,0.12500,2
1449,0.14615,0.40769,0.44615,21.69811,18.75862,22.57895,0.22220,1
1450,0.22105,0.12105,0.65789,13.60870,13.96800,14.23810,0.00000,2
1451,0.26230,0.26230,0.47541,21.71875,13.48276,18.78125,0.50000,1
1452,0.30469,0.26562,0.42969,29.20588,18.85455,19.89744,0.57140,2
1453,0.42748,0.15267,0.41985,24.55000,21.47273,22.73214,0.57140,1
1454,0.21429,0.35714,0.42857,23.16000,12.26667,24.20000,0.00000,1
1455,0.16901,0.15493,0.67606,30.18182,16.29167,16.08333,1.00000,2
1456,0.22500,0.22500,0.55000,27.66667,17.06061,17.14815,0.75000,0
1457,0.16296,0.26667,0.57037,15.77778,19.28571,19.22727,0.50000,1
1458,0.16800,0.17600,0.65600,21.22727,17.17073,13.80952,0.33330,0
1459,0.25547,0.22628,0.51825,20.58065,14.73239,17.22857,0.40000,0
1460,0.13393,0.39286,0.47321,22.09091,17.66038,14.06667,0.66670,0
1461,0.12977,0.39695,0.47328,23.61538,12.64516,18.82353,0.60000,1
1462,0.10484,0.25000,0.64516,22.41935,14.82500,12.61538,0.66670,0
1463,0.11450,0.38168,0.50382,30.62000,23.59091,19.40000,0.56250,0
1464,0.23611,0.41667,0.34722,21.93333,8.60000,19.52941,1.00000,1
1465,0.27692,0.39231,0.33077,23.80392,15.65116,22.22222,0.71430,0
1466,0.23387,0.37097,0.39516,24.34783,15.71429,17.20690,0.85710,1
1467,0.22222,0.57143,0.20635,21.52778,15.73077,19.32143,0.50000,0
1468,0.24603,0.26190,0.49206,28.06061,14.35484,16.38710,0.83330,0
1469,0.21667,0.33333,0.45000,29.12500,13.68519,21.23077,0.62500,1
1470,0.30894,0.32520,0.36585,24.70000,13.55556,19.26316,0.62500,0
1471,0.36364,0.10744,0.52893,14.46154,18.06250,21.77273,0.00000,0
1472,0.08696,0.46377,0.44928,20.37500,16.16129,11.00000,0.00000,2
1473,0.11299,0.38983,0.49718,23.84058,14.26136,15.10000,0.60000,0
1474,0.20000,0.23846,0.56154,26.54839,16.49315,17.38462,0.50000,0
1475,0.22308,0.39231,0.38462,25.29412,16.26000,18.03448,0.50000,0
1476,0.18750,0.32031,0.49219,20.02439,15.42857,18.20833,1.00000,0
1477,0.10400,0.51200,0.38400,25.01562,16.10417,13.46154,1.00000,1
1478,0.20301,0.28571,0.51128,19.36842,17.82353,14.44444,0.50000,0
1479,0.14530,0.27350,0.58120,26.68750,17.61765,24.70588,0.50000,0
1480,0.14085,0.18310,0.67606,21.92308,13.66667,14.90000,0.00000,1
1481,0.22131,0.30328,0.47541,30.83784,16.15517,20.48148,0.76920,2
1482,0.48739,0.09244,0.42017,13.36364,19.62000,23.68966,0.00000,1
1483,0.26471,0.08824,0.64706,30.66667,19.47727,22.22222,0.66670,2
1484,0.60000,0.03846,0.36154,23.20000,14.29787,21.57692,0.00000,2
1485,0.15054,0.23656,0.61290,29.04545,18.14912,15.28571,0.50000,1
1486,0.15672,0.09701,0.74627,24.30769,17.33000,13.57143,0.33330,2
1487,0.41463,0.25203,0.33333,19.38710,12.58537,18.78431,0.66670,0
1488,0.16535,0.56693,0.26772,26.22222,11.47059,17.09524,0.87500,2
1489,0.22464,0.39130,0.38406,24.11111,16.00000,15.96774,0.75000,0
1490,0.25581,0.13953,0.60465,22.55556,17.84615,19.36364,0.60000,0
1491,0.40800,0.25600,0.33600,19.68750,12.23810,19.74510,0.33330,0
1492,0.23846,0.17692,0.58462,18.30435,15.84211,16.80645,0.00000,2
1493,0.09524,0.20635,0.69841,24.07692,16.04545,11.83333,0.00000,2
1494,0.51515,0.14394,0.34091,23.89474,10.33333,19.14706,1.00000,2
1495,0.41085,0.16279,0.42636,25.71429,13.32727,21.47170,0.57140,0
1496,0.20155,0.13178,0.66667,37.05882,14.45349,15.07692,0.71430,2
1497,0.30645,0.41935,0.27419,23.32692,23.29412,22.10526,0.50000,2
1498,0.24060,0.22556,0.53383,26.13333,17.69014,21.50000,0.50000,0
1499,0.11628,0.30233,0.58140,16.66667,17.72000,11.86667,0.50000,2
1500,0.17730,0.34043,0.48227,25.31250,11.63235,14.28000,0.85710,0
